Product Title,Final Price,Reduction?,Price Without Reduction,Buy 2 for,URL Product,URL Image,Stock Status
"Veuve Clicquot Yellow Label Champagne",66.40,yes,91.99,,https://www.instacart.com/store/items/item_187271198,"https://www.instacart.com/image-server/1028x1028/filters:fill(FFF,true):format(jpg)/d2lnr5mha7bycj.cloudfront.net/product-image/file/large_bf1d817c-b325-4fb6-b45a-52c0a1341722.png",
"Veuve Clicquot Yellow Label Champagne",66.40,yes,91.99,,https://www.instacart.com/store/items/item_187229948,"https://www.instacart.com/image-server/1028x1028/filters:fill(FFF,true):format(jpg)/d2lnr5mha7bycj.cloudfront.net/product-image/file/large_6fe0d924-7b1c-4d81-999d-fb3a90ed4d2c.png",
"Veuve Clicquot Yellow Label Champagne",66.40,yes,91.99,,https://www.instacart.com/store/items/item_3180617792,"https://www.instacart.com/image-server/1028x1028/filters:fill(FFF,true):format(jpg)/d2lnr5mha7bycj.cloudfront.net/product-image/file/large_b61aeccd-d741-4e11-a1e2-c4cbdd82394b.png",
"Mumm Napa Brut Rose Sparkling",21.84,yes,29.89,,https://www.instacart.com/store/items/item_187331601,"https://www.instacart.com/image-server/1028x1028/filters:fill(FFF,true):format(jpg)/d2lnr5mha7bycj.cloudfront.net/product-image/file/large_20eda5f7-7162-463c-8730-8974c5828aa2.jpg",
"Mumm Napa Cuvee M Sparkling Wine, Napa Valley",21.84,yes,29.89,,https://www.instacart.com/store/items/item_187223141,"https://www.instacart.com/image-server/1028x1028/filters:fill(FFF,true):format(jpg)/d2lnr5mha7bycj.cloudfront.net/product-image/file/large_2bc83728-03de-4983-8c0c-b3399241d301.jpg",
"Mumm Napa Blanc de Blancs Sparkling",21.84,yes,29.89,,https://www.instacart.com/store/items/item_187235774,"https://www.instacart.com/image-server/1028x1028/filters:fill(FFF,true):format(jpg)/d2lnr5mha7bycj.cloudfront.net/product-image/file/large_aaa5a61c-b792-45d4-9c10-d17c479b9d33.jpg",
"KORBEL Brut California Champagne",13.79,yes,18.39,,https://www.instacart.com/store/items/item_187293391,"https://www.instacart.com/image-server/1028x1028/filters:fill(FFF,true):format(jpg)/d2lnr5mha7bycj.cloudfront.net/product-image/file/large_49cbaa17-163e-4dfe-a4f8-1c28870b27ec.jpg",
"André Brut Champagne Sparkling Wine",6.89,yes,8.20,,https://www.instacart.com/store/items/item_187233034,"https://www.instacart.com/image-server/1028x1028/filters:fill(FFF,true):format(jpg)/d2lnr5mha7bycj.cloudfront.net/product-image/file/large_b575fc0d-1a4f-48af-a00f-cb8226ad4065.png",
"La Marca Prosecco Sparkling Wine",18.39,yes,25.29,,https://www.instacart.com/store/items/item_187319029,"https://www.instacart.com/image-server/1028x1028/filters:fill(FFF,true):format(jpg)/d2lnr5mha7bycj.cloudfront.net/product-image/file/large_6d82ecc7-83d9-421a-bdad-f5b623838876.png",
"Veuve Clicquot Yellow Label Champagne",66.40,yes,91.99,,https://www.instacart.com/store/items/item_187271198,"https://www.instacart.com/image-server/1028x1028/filters:fill(FFF,true):format(jpg)/d2lnr5mha7bycj.cloudfront.net/product-image/file/large_bf1d817c-b325-4fb6-b45a-52c0a1341722.png",
"Cook's California Champagne California Champagne Brut White Sparkling Wine",13.79,yes,16.41,,https://www.instacart.com/store/items/item_187263945,"https://www.instacart.com/image-server/1028x1028/filters:fill(FFF,true):format(jpg)/d2lnr5mha7bycj.cloudfront.net/product-image/file/large_c91a9be9-ef5c-4029-a9b1-8e77bb6ab4ba.jpg",
"Veuve Clicquot Yellow Label Champagne",66.40,yes,91.99,,https://www.instacart.com/store/items/item_187229948,"https://www.instacart.com/image-server/1028x1028/filters:fill(FFF,true):format(jpg)/d2lnr5mha7bycj.cloudfront.net/product-image/file/large_6fe0d924-7b1c-4d81-999d-fb3a90ed4d2c.png",
"Cook's California Champagne California Champagne Brut White Sparkling Wine",10.34,yes,13.79,,https://www.instacart.com/store/items/item_187317691,"https://www.instacart.com/image-server/1028x1028/filters:fill(FFF,true):format(jpg)/d2lnr5mha7bycj.cloudfront.net/product-image/file/large_f4be04ec-2396-4efb-ab40-a5a6a7f56617.jpg",
"André Brut Champagne Sparkling Wine",6.89,yes,8.20,,https://www.instacart.com/store/items/item_187233034,"https://www.instacart.com/image-server/1028x1028/filters:fill(FFF,true):format(jpg)/d2lnr5mha7bycj.cloudfront.net/product-image/file/large_b575fc0d-1a4f-48af-a00f-cb8226ad4065.png",
"Dom Perignon Vintage 2009 Champagne",241.49,yes,292.05,,https://www.instacart.com/store/items/item_258363078,"https://www.instacart.com/image-server/1028x1028/filters:fill(FFF,true):format(jpg)/d2lnr5mha7bycj.cloudfront.net/product-image/file/large_3f102134-c618-4094-8f8e-544d64991460.png",
"Chandon Brut Rose Sparkling Wine",24.62,no,,,https://www.instacart.com/store/items/item_3180787952,"https://www.instacart.com/image-server/1028x1028/filters:fill(FFF,true):format(jpg)/d2lnr5mha7bycj.cloudfront.net/product-image/file/large_89689daa-cf86-4bc7-8d91-a6965a9b580a.png",
"Chandon Brut Sparkling Wine",17.24,yes,21.34,,https://www.instacart.com/store/items/item_187266132,"https://www.instacart.com/image-server/1028x1028/filters:fill(FFF,true):format(jpg)/d2lnr5mha7bycj.cloudfront.net/product-image/file/large_2f60f83c-bffa-41c4-997f-d00402d71e42.png",
"Cook's California Champagne California Champagne Extra Dry White Sparkling Wine",13.79,yes,16.41,,https://www.instacart.com/store/items/item_187214782,"https://www.instacart.com/image-server/1028x1028/filters:fill(FFF,true):format(jpg)/d2lnr5mha7bycj.cloudfront.net/product-image/file/large_a627da33-2464-4f61-8e57-67073fcf330a.jpg",
"J Vineyards California Cuvee Brut Sparkling Wine",26.44,yes,34.49,,https://www.instacart.com/store/items/item_465041111,"https://www.instacart.com/image-server/1028x1028/filters:fill(FFF,true):format(jpg)/d2lnr5mha7bycj.cloudfront.net/product-image/file/large_a7435686-ad4d-415f-a19d-76df1741f70d.png",
"Domaine Carneros Taittinger Brut",34.49,yes,50.91,,https://www.instacart.com/store/items/item_193051794,"https://www.instacart.com/image-server/1028x1028/filters:fill(FFF,true):format(jpg)/d2lnr5mha7bycj.cloudfront.net/product-image/file/large_3cfb5b66-0dc2-47f5-bcb1-d440c9f0b723.png",
"KORBEL Extra Dry California Champagne",13.79,yes,18.39,,https://www.instacart.com/store/items/item_187298529,"https://www.instacart.com/image-server/1028x1028/filters:fill(FFF,true):format(jpg)/d2lnr5mha7bycj.cloudfront.net/product-image/file/large_bce5cc54-a100-445c-8bd7-75024f352b44.jpg",
"Chandon Brut Rose Sparkling Wine",21.84,yes,29.89,,https://www.instacart.com/store/items/item_187216305,"https://www.instacart.com/image-server/1028x1028/filters:fill(FFF,true):format(jpg)/d2lnr5mha7bycj.cloudfront.net/product-image/file/large_51f4a150-c601-4284-8b6a-6ae3d4b68854.png",
"KORBEL Brut California Champagne",22.99,yes,32.84,,https://www.instacart.com/store/items/item_268081973,"https://www.instacart.com/image-server/1028x1028/filters:fill(FFF,true):format(jpg)/d2lnr5mha7bycj.cloudfront.net/product-image/file/large_641bba56-6d82-4d21-9919-f5276f8aa5f8.jpg",
"Freixenet Cordon Negro Brut Cava Sparkling White Wine",12.64,yes,19.54,,https://www.instacart.com/store/items/item_184863748,"https://www.instacart.com/image-server/1028x1028/filters:fill(FFF,true):format(jpg)/d2lnr5mha7bycj.cloudfront.net/product-image/file/large_2b995b5a-c6d3-4776-9213-4faaf3a61269.jpg",
"Chandon Brut Rose Sparkling Wine",21.84,yes,29.89,,https://www.instacart.com/store/items/item_187216305,"https://www.instacart.com/image-server/1028x1028/filters:fill(FFF,true):format(jpg)/d2lnr5mha7bycj.cloudfront.net/product-image/file/large_51f4a150-c601-4284-8b6a-6ae3d4b68854.png",
"Martini & Rossi® MARTINI & ROSSI Asti Sparkling Wine",11.49,yes,18.24,,https://www.instacart.com/store/items/item_184310125,"https://www.instacart.com/image-server/1028x1028/filters:fill(FFF,true):format(jpg)/d2lnr5mha7bycj.cloudfront.net/product-image/file/large_341d6ec5-ff98-4f7d-b392-39fd06d4e0c0.png",
"Barefoot Bubbly Brut Cuvee",10.21,yes,13.12,,https://www.instacart.com/store/items/item_184330274,"https://www.instacart.com/image-server/1028x1028/filters:fill(FFF,true):format(jpg)/d2lnr5mha7bycj.cloudfront.net/product-image/file/large_5f7fe014-1daa-4025-9946-d313f1adc06f.png",
"Freixenet Cordon Negro Brut Cava Sparkling White Wine",12.64,yes,19.54,,https://www.instacart.com/store/items/item_184863748,"https://www.instacart.com/image-server/1028x1028/filters:fill(FFF,true):format(jpg)/d2lnr5mha7bycj.cloudfront.net/product-image/file/large_2b995b5a-c6d3-4776-9213-4faaf3a61269.jpg",
"Ballatore Gran Spumante Sparkling Wine",9.19,yes,12.64,,https://www.instacart.com/store/items/item_187263039,"https://www.instacart.com/image-server/1028x1028/filters:fill(FFF,true):format(jpg)/d2lnr5mha7bycj.cloudfront.net/product-image/file/large_b2794b7d-ad3f-4d93-9e9f-bc6a6c9ffce9.png",
"Barefoot Bubbly Brut Cuvee",12.64,yes,16.41,,https://www.instacart.com/store/items/item_187260208,"https://www.instacart.com/image-server/1028x1028/filters:fill(FFF,true):format(jpg)/d2lnr5mha7bycj.cloudfront.net/product-image/file/large_5f4c68fc-c97c-4c8c-b2b0-2a4e971fb771.png",
"Korbel Korbel Brut California Champagne",18.39,yes,19.54,,https://www.instacart.com/store/items/item_187271380,"https://www.instacart.com/image-server/1028x1028/filters:fill(FFF,true):format(jpg)/d2lnr5mha7bycj.cloudfront.net/product-image/file/large_b7e2f8d3-4453-4cd9-beed-4fc16047045c.jpg",
"André Extra Dry",6.89,yes,8.20,,https://www.instacart.com/store/items/item_187215676,"https://www.instacart.com/image-server/1028x1028/filters:fill(FFF,true):format(jpg)/d2lnr5mha7bycj.cloudfront.net/product-image/file/large_e9ea7b73-5631-4548-b245-202dcf04b8ff.png",
"Gloria Ferrer Sonoma Brut Sparkling White Wine",21.84,yes,29.19,,https://www.instacart.com/store/items/item_184863350,"https://www.instacart.com/image-server/1028x1028/filters:fill(FFF,true):format(jpg)/d2lnr5mha7bycj.cloudfront.net/product-image/file/large_881e52c1-328e-494d-a4a8-6f9dde7aa361.jpg",
"Barefoot Bubbly Brut Cuvee",10.21,yes,13.12,,https://www.instacart.com/store/items/item_184330274,"https://www.instacart.com/image-server/1028x1028/filters:fill(FFF,true):format(jpg)/d2lnr5mha7bycj.cloudfront.net/product-image/file/large_5f7fe014-1daa-4025-9946-d313f1adc06f.png",
"Barefoot Extra Dry Champagne Sparkling Wine",10.21,yes,13.12,,https://www.instacart.com/store/items/item_184465100,"https://www.instacart.com/image-server/1028x1028/filters:fill(FFF,true):format(jpg)/d2lnr5mha7bycj.cloudfront.net/product-image/file/large_2fa42f9a-9fa9-49bf-8572-295c48e37b53.png",
"Captain Morgan White Rum",14.94,yes,19.54,,https://www.instacart.com/store/items/item_187214007,"https://www.instacart.com/image-server/1028x1028/filters:fill(FFF,true):format(jpg)/d2lnr5mha7bycj.cloudfront.net/product-image/file/large_7392bea2-329b-44a8-ad74-fb063cc844d9.jpg",
"Mionetto Prosecco DOC Brut Sparkling White Wine",12.64,yes,18.06,,https://www.instacart.com/store/items/item_187127201,"https://www.instacart.com/image-server/1028x1028/filters:fill(FFF,true):format(jpg)/d2lnr5mha7bycj.cloudfront.net/product-image/file/large_b2579768-5be7-46ff-9a34-abfa3594a218.jpg",
"KORBEL Sweet Rose California Champagne",13.79,yes,18.39,,https://www.instacart.com/store/items/item_187196163,"https://www.instacart.com/image-server/1028x1028/filters:fill(FFF,true):format(jpg)/d2lnr5mha7bycj.cloudfront.net/product-image/file/large_bd6c9161-4ef9-46be-901a-8a9a0860ec3f.jpg",
"Barefoot Sparkling Pink Moscato",10.21,yes,13.12,,https://www.instacart.com/store/items/item_187308830,"https://www.instacart.com/image-server/1028x1028/filters:fill(FFF,true):format(jpg)/d2lnr5mha7bycj.cloudfront.net/product-image/file/large_70d86188-51bc-4124-96e7-b81e7393ad9e.png",
"Roederer Estate Brut Multi-Vintage",32.19,yes,43.69,,https://www.instacart.com/store/items/item_187329921,"https://www.instacart.com/image-server/1028x1028/filters:fill(FFF,true):format(jpg)/d2lnr5mha7bycj.cloudfront.net/product-image/file/large_283b2811-e687-4869-b156-e82cb6611ccc.jpg",
"Barefoot Extra Dry Champagne Sparkling Wine",10.21,yes,13.12,,https://www.instacart.com/store/items/item_184465100,"https://www.instacart.com/image-server/1028x1028/filters:fill(FFF,true):format(jpg)/d2lnr5mha7bycj.cloudfront.net/product-image/file/large_2fa42f9a-9fa9-49bf-8572-295c48e37b53.png",
"KORBEL Brut Rose California Champagne",13.79,yes,18.39,,https://www.instacart.com/store/items/item_187159788,"https://www.instacart.com/image-server/1028x1028/filters:fill(FFF,true):format(jpg)/d2lnr5mha7bycj.cloudfront.net/product-image/file/large_3dfa9dd9-1993-4d5a-b05e-ef780b412150.jpg",
"La Marca Prosecco, Sparkling Wine",19.54,yes,24.62,,https://www.instacart.com/store/items/item_187200980,"https://www.instacart.com/image-server/1028x1028/filters:fill(FFF,true):format(jpg)/d2lnr5mha7bycj.cloudfront.net/product-image/file/large_47aa245b-a5aa-4a08-8010-a1660eb2f441.png",
"Barefoot Sparkling Pink Moscato",10.21,yes,13.12,,https://www.instacart.com/store/items/item_187308830,"https://www.instacart.com/image-server/1028x1028/filters:fill(FFF,true):format(jpg)/d2lnr5mha7bycj.cloudfront.net/product-image/file/large_70d86188-51bc-4124-96e7-b81e7393ad9e.png",
"André Extra Dry",6.89,yes,8.20,,https://www.instacart.com/store/items/item_187215676,"https://www.instacart.com/image-server/1028x1028/filters:fill(FFF,true):format(jpg)/d2lnr5mha7bycj.cloudfront.net/product-image/file/large_e9ea7b73-5631-4548-b245-202dcf04b8ff.png",
"Barefoot Bubbly Brut Cuvee",12.64,yes,16.41,,https://www.instacart.com/store/items/item_187260208,"https://www.instacart.com/image-server/1028x1028/filters:fill(FFF,true):format(jpg)/d2lnr5mha7bycj.cloudfront.net/product-image/file/large_5f4c68fc-c97c-4c8c-b2b0-2a4e971fb771.png",
"Piper Sonoma Brut",17.24,yes,21.34,,https://www.instacart.com/store/items/item_815198763,"https://www.instacart.com/image-server/1028x1028/filters:fill(FFF,true):format(jpg)/d2lnr5mha7bycj.cloudfront.net/product-image/file/large_75cf87b6-acbc-4633-9916-d66517dd08e7.png",
"Veuve Clicquot Yellow Label Champagne",66.40,yes,91.99,,https://www.instacart.com/store/items/item_3180617792,"https://www.instacart.com/image-server/1028x1028/filters:fill(FFF,true):format(jpg)/d2lnr5mha7bycj.cloudfront.net/product-image/file/large_b61aeccd-d741-4e11-a1e2-c4cbdd82394b.png",
"Barefoot Brut Rose",12.64,yes,16.41,,https://www.instacart.com/store/items/item_254026849,"https://www.instacart.com/image-server/1028x1028/filters:fill(FFF,true):format(jpg)/d2lnr5mha7bycj.cloudfront.net/product-image/file/large_c8cdd4cb-73e6-4c43-a61e-291ac4de7339.jpg",
"Mumm Napa Brut Rose Sparkling",21.84,yes,29.89,,https://www.instacart.com/store/items/item_187331601,"https://www.instacart.com/image-server/1028x1028/filters:fill(FFF,true):format(jpg)/d2lnr5mha7bycj.cloudfront.net/product-image/file/large_20eda5f7-7162-463c-8730-8974c5828aa2.jpg",
"It's A Headsnapper® Prosecco Sparkling Wine",11.49,yes,14.36,,https://www.instacart.com/store/items/item_187315721,"https://www.instacart.com/image-server/1028x1028/filters:fill(FFF,true):format(jpg)/d2lnr5mha7bycj.cloudfront.net/product-image/file/large_57542a96-c6cf-4ce3-8ea4-f3ba7287ff3a.png",
"Sofia Blanc de Blancs Monterey, California",17.24,yes,21.84,,https://www.instacart.com/store/items/item_187216512,"https://www.instacart.com/image-server/1028x1028/filters:fill(FFF,true):format(jpg)/d2lnr5mha7bycj.cloudfront.net/product-image/file/large_d18a11da-af89-4035-8817-19fe7537946e.png",
"Chandon Brut Rose Sparkling Wine",24.62,no,,,https://www.instacart.com/store/items/item_3180787952,"https://www.instacart.com/image-server/1028x1028/filters:fill(FFF,true):format(jpg)/d2lnr5mha7bycj.cloudfront.net/product-image/file/large_89689daa-cf86-4bc7-8d91-a6965a9b580a.png",
"Apothic Pinot Noir, California",10.21,yes,16.09,,https://www.instacart.com/store/items/item_2975841720,"https://www.instacart.com/image-server/1028x1028/filters:fill(FFF,true):format(jpg)/d2lnr5mha7bycj.cloudfront.net/product-image/file/large_b425976a-4dc8-4b8a-8769-a3452fe1cbd0.png",
"Rodney Strong Rose of Pinot Noir, Russian River Valley, Sonoma County",18.39,yes,26.27,,https://www.instacart.com/store/items/item_286432522,"https://www.instacart.com/image-server/1028x1028/filters:fill(FFF,true):format(jpg)/d2lnr5mha7bycj.cloudfront.net/product-image/file/large_0fa61449-de48-4e13-b42c-eed04fbd9d6e.png",
"D'ussé® Cognac",26.44,yes,42.54,,https://www.instacart.com/store/items/item_465367162,"https://www.instacart.com/image-server/1028x1028/filters:fill(FFF,true):format(jpg)/d2lnr5mha7bycj.cloudfront.net/product-image/file/large_7d1ace87-511f-42db-a832-d6d9b63ae228.png",
"Martini & Rossi® MARTINI & ROSSI Asti Sparkling Wine",11.49,yes,18.24,,https://www.instacart.com/store/items/item_184310125,"https://www.instacart.com/image-server/1028x1028/filters:fill(FFF,true):format(jpg)/d2lnr5mha7bycj.cloudfront.net/product-image/file/large_341d6ec5-ff98-4f7d-b392-39fd06d4e0c0.png",
"Mumm Napa Cuvee M Sparkling Wine, Napa Valley",21.84,yes,29.89,,https://www.instacart.com/store/items/item_187223141,"https://www.instacart.com/image-server/1028x1028/filters:fill(FFF,true):format(jpg)/d2lnr5mha7bycj.cloudfront.net/product-image/file/large_2bc83728-03de-4983-8c0c-b3399241d301.jpg",
"Moët & Chandon Imperial Brut Champagne",60.04,yes,81.64,,https://www.instacart.com/store/items/item_3249761107,"https://www.instacart.com/image-server/1028x1028/filters:fill(FFF,true):format(jpg)/d2lnr5mha7bycj.cloudfront.net/product-image/file/large_487afa26-9e8b-4e4f-9d37-6ad4a7812f2b.png",
"Mumm Napa Blanc de Blancs Sparkling",21.84,yes,29.89,,https://www.instacart.com/store/items/item_187235774,"https://www.instacart.com/image-server/1028x1028/filters:fill(FFF,true):format(jpg)/d2lnr5mha7bycj.cloudfront.net/product-image/file/large_aaa5a61c-b792-45d4-9c10-d17c479b9d33.jpg",
"KORBEL Blanc de Noirs California Champagne",13.79,yes,18.39,,https://www.instacart.com/store/items/item_187309963,"https://www.instacart.com/image-server/1028x1028/filters:fill(FFF,true):format(jpg)/d2lnr5mha7bycj.cloudfront.net/product-image/file/large_41148c18-8165-4650-9dfe-95874b0abf3b.jpg",
"Cupcake Vineyards Prosecco Sparkling Wine",11.49,yes,16.41,,https://www.instacart.com/store/items/item_187307934,"https://www.instacart.com/image-server/1028x1028/filters:fill(FFF,true):format(jpg)/d2lnr5mha7bycj.cloudfront.net/product-image/file/large_d56d5970-5e62-48c6-91d4-9a7c97728fbc.jpg",
"Moet Imperial 750ml",60.04,yes,81.64,,https://www.instacart.com/store/items/item_3249755404,"https://www.instacart.com/image-server/1028x1028/filters:fill(FFF,true):format(jpg)/d2lnr5mha7bycj.cloudfront.net/product-image/file/large_e4f2f373-917f-46de-b7b7-489c4345e33a.png",running low
"Pine Ridge Vineyards Chenin Blanc + Viognier",16.09,yes,19.70,,https://www.instacart.com/store/items/item_186953935,"https://www.instacart.com/image-server/1028x1028/filters:fill(FFF,true):format(jpg)/d2lnr5mha7bycj.cloudfront.net/product-image/file/large_f64452d8-f501-4ed9-af56-2c90195ea5ed.jpg",
"Martini & Rossi® Extra Dry L'Aperitivo",8.04,yes,11.49,,https://www.instacart.com/store/items/item_184319266,"https://www.instacart.com/image-server/1028x1028/filters:fill(FFF,true):format(jpg)/d2lnr5mha7bycj.cloudfront.net/product-image/file/large_4aa2a07c-05c6-4c61-b366-0b06eb354ab1.png",
"A to Z Wineworks Chardonnay, Oregon",17.24,yes,22.99,,https://www.instacart.com/store/items/item_602310910,"https://www.instacart.com/image-server/1028x1028/filters:fill(FFF,true):format(jpg)/d2lnr5mha7bycj.cloudfront.net/product-image/file/large_97c255c6-3d7d-4267-8056-a69cae278230.png",
"Taittinger Champagne, Brut La Francaise, Reims",64.39,yes,86.24,,https://www.instacart.com/store/items/item_187200981,"https://www.instacart.com/image-server/1028x1028/filters:fill(FFF,true):format(jpg)/d2lnr5mha7bycj.cloudfront.net/product-image/file/large_0cbd84f1-1c7f-4b75-ab92-fe5078841589.png",
"La Marca Prosecco Sparkling Wine 1 Single Serve 187ml",6.89,yes,10.34,,https://www.instacart.com/store/items/item_187323693,"https://www.instacart.com/image-server/1028x1028/filters:fill(FFF,true):format(jpg)/d2lnr5mha7bycj.cloudfront.net/product-image/file/large_682c142d-7e02-4f36-a6f2-cc3ff8541192.png",
"La Marca Prosecco Rosé Sparkling Wine",18.39,yes,27.59,,https://www.instacart.com/store/items/item_2634234181,"https://www.instacart.com/image-server/1028x1028/filters:fill(FFF,true):format(jpg)/d2lnr5mha7bycj.cloudfront.net/product-image/file/large_860d25d6-9479-46f3-972e-f2b21490f762.png",
"Chandon Sparkling Wine, Blanc De Noirs, California",21.84,yes,29.89,,https://www.instacart.com/store/items/item_187295315,"https://www.instacart.com/image-server/1028x1028/filters:fill(FFF,true):format(jpg)/d2lnr5mha7bycj.cloudfront.net/product-image/file/large_9e051ea6-7276-4544-9b65-1f3001704420.png",
"Cook's California Champagne California Champagne Extra Dry White Sparkling Wine",10.34,yes,13.79,,https://www.instacart.com/store/items/item_187314391,"https://www.instacart.com/image-server/1028x1028/filters:fill(FFF,true):format(jpg)/d2lnr5mha7bycj.cloudfront.net/product-image/file/large_5a3b041f-4b48-491d-900b-246ce7cb9b45.jpg",
"Moët & Chandon Nectar Impérial Rosé",89.69,yes,112.69,,https://www.instacart.com/store/items/item_251493015,"https://www.instacart.com/image-server/1028x1028/filters:fill(FFF,true):format(jpg)/d2lnr5mha7bycj.cloudfront.net/product-image/file/large_d1b124af-525b-4741-8ee3-5b3dcde2d38c.png",
"Cook's California Champagne California Champagne Brut White Sparkling Wine Mini Bottles",11.49,yes,14.77,,https://www.instacart.com/store/items/item_187312914,"https://www.instacart.com/image-server/1028x1028/filters:fill(FFF,true):format(jpg)/d2lnr5mha7bycj.cloudfront.net/product-image/file/large_89505341-c45e-4f51-88e9-34ed637fbe4e.jpg",
"Rodney Strong Chardonnay, California",11.49,yes,18.06,,https://www.instacart.com/store/items/item_187233764,"https://www.instacart.com/image-server/1028x1028/filters:fill(FFF,true):format(jpg)/d2lnr5mha7bycj.cloudfront.net/product-image/file/large_07f8135a-94b0-4385-878e-58a8a2d26605.png",
"J. Lohr Arroyo Vista Chardonnay",27.59,yes,32.19,,https://www.instacart.com/store/items/item_597001543,"https://www.instacart.com/image-server/1028x1028/filters:fill(FFF,true):format(jpg)/d2lnr5mha7bycj.cloudfront.net/product-image/file/large_1c507536-49e2-4626-af53-f47667d0a46e.jpg",
"Kunde Estate Chardonnay",18.39,yes,24.62,,https://www.instacart.com/store/items/item_187135453,"https://www.instacart.com/image-server/1028x1028/filters:fill(FFF,true):format(jpg)/d2lnr5mha7bycj.cloudfront.net/product-image/file/large_0a643aa2-4f72-4238-84bb-ebb24895f284.jpg",
"Dom Perignon Vintage 2009 Champagne",241.49,yes,292.05,,https://www.instacart.com/store/items/item_258363078,"https://www.instacart.com/image-server/1028x1028/filters:fill(FFF,true):format(jpg)/d2lnr5mha7bycj.cloudfront.net/product-image/file/large_3f102134-c618-4094-8f8e-544d64991460.png",
"House Wine Carbonated Wine, Brut Bubbles",5.74,yes,6.89,,https://www.instacart.com/store/items/item_2934372824,"https://www.instacart.com/image-server/1028x1028/filters:fill(FFF,true):format(jpg)/d2lnr5mha7bycj.cloudfront.net/product-image/file/large_b615c061-30d2-41b5-99e3-7fe96d54f22d.png",
"Roederer Estate Sparkling Wine, Anderson Valley Brut Rose",35.64,yes,45.99,,https://www.instacart.com/store/items/item_187313524,"https://www.instacart.com/image-server/1028x1028/filters:fill(FFF,true):format(jpg)/d2lnr5mha7bycj.cloudfront.net/product-image/file/large_f4a73309-1d28-4190-9d79-c03f4b01393d.jpg",
"Piper-Heidsieck Champagne, Brut, Bottle",51.74,yes,63.24,,https://www.instacart.com/store/items/item_3181330415,"https://www.instacart.com/image-server/1028x1028/filters:fill(FFF,true):format(jpg)/d2lnr5mha7bycj.cloudfront.net/product-image/file/large_705327e0-a8c7-4b95-aa89-cd5e282e0b03.jpg",
"Ruffino Prosecco DOC Italian White Sparkling Wine",14.94,yes,19.70,,https://www.instacart.com/store/items/item_187338701,"https://www.instacart.com/image-server/1028x1028/filters:fill(FFF,true):format(jpg)/d2lnr5mha7bycj.cloudfront.net/product-image/file/large_828baea4-1a69-48a9-a043-0382318ebd8e.jpg",
"J Vineyards Cuvee 20 Brut Sparkling Wine",41.39,yes,54.74,,https://www.instacart.com/store/items/item_187210092,"https://www.instacart.com/image-server/1028x1028/filters:fill(FFF,true):format(jpg)/d2lnr5mha7bycj.cloudfront.net/product-image/file/large_4954b028-b71f-487d-b210-48b5580631ae.png",
"Cupcake Vineyards Sparkling Rosé Wine",11.49,yes,16.41,,https://www.instacart.com/store/items/item_246152662,"https://www.instacart.com/image-server/1028x1028/filters:fill(FFF,true):format(jpg)/d2lnr5mha7bycj.cloudfront.net/product-image/file/large_151dd08d-574d-4e97-8081-29cb25a08625.jpg",
"J. Lohr Estates Riverstone Chardonnay",14.94,yes,22.99,,https://www.instacart.com/store/items/item_187325257,"https://www.instacart.com/image-server/1028x1028/filters:fill(FFF,true):format(jpg)/d2lnr5mha7bycj.cloudfront.net/product-image/file/large_ad4f0066-1466-417d-a221-310a7315f98c.jpg",
"Josh Cellars Chardonnay",13.79,yes,16.41,,https://www.instacart.com/store/items/item_187193560,"https://www.instacart.com/image-server/1028x1028/filters:fill(FFF,true):format(jpg)/d2lnr5mha7bycj.cloudfront.net/product-image/file/large_b1906736-9489-4f31-b093-547ff03e2a98.jpg",
"Rodney Strong Sauvignon Blanc, Charlotte's Home, Sonoma County",11.49,yes,18.06,,https://www.instacart.com/store/items/item_187217722,"https://www.instacart.com/image-server/1028x1028/filters:fill(FFF,true):format(jpg)/d2lnr5mha7bycj.cloudfront.net/product-image/file/large_b565b0e0-f8f5-41e4-9727-a7bb841d092c.png",
"Menage a Trois Prosecco Sparkling White Wine",11.49,yes,14.94,,https://www.instacart.com/store/items/item_187326846,"https://www.instacart.com/image-server/1028x1028/filters:fill(FFF,true):format(jpg)/d2lnr5mha7bycj.cloudfront.net/product-image/file/large_2edbdb59-3aeb-4cd0-8309-9118ccf906f3.jpg",
"Moët & Chandon Imperial Brut Champagne",68.99,no,,,https://www.instacart.com/store/items/item_3249747311,"https://www.instacart.com/image-server/1028x1028/filters:fill(FFF,true):format(jpg)/d2lnr5mha7bycj.cloudfront.net/product-image/file/large_f702cd3a-a325-4e3d-be36-43828d1975b3.png",
"Piper-heidsieck Champagne Brut",51.74,yes,63.24,,https://www.instacart.com/store/items/item_187266371,"https://www.instacart.com/image-server/1028x1028/filters:fill(FFF,true):format(jpg)/d2lnr5mha7bycj.cloudfront.net/product-image/file/large_2e8519a6-4c76-429d-9389-4b1af62f49c8.jpg",
"Piper Sonoma Brut Rose Sparkling Wine",17.24,yes,21.34,,https://www.instacart.com/store/items/item_1597595976,"https://www.instacart.com/image-server/1028x1028/filters:fill(FFF,true):format(jpg)/d2lnr5mha7bycj.cloudfront.net/product-image/file/large_7609ea16-d248-4e3f-89d4-01895b477cda.jpg",
"Underwood Carbonated Wine, Rose Bubbles",6.89,yes,8.04,,https://www.instacart.com/store/items/item_632399793,"https://www.instacart.com/image-server/1028x1028/filters:fill(FFF,true):format(jpg)/d2lnr5mha7bycj.cloudfront.net/product-image/file/large_61e65b89-d20f-4b4b-afeb-708984e35fa7.png",
"Risata Moscato d'Asti",14.94,yes,24.62,,https://www.instacart.com/store/items/item_187315352,"https://www.instacart.com/image-server/1028x1028/filters:fill(FFF,true):format(jpg)/d2lnr5mha7bycj.cloudfront.net/product-image/file/large_47152d04-5ece-4d1a-914f-e3c62ad5ed52.jpg",
"Sofia Blanc de Blancs Monterey, California",17.24,yes,22.99,,https://www.instacart.com/store/items/item_187198118,"https://www.instacart.com/image-server/1028x1028/filters:fill(FFF,true):format(jpg)/d2lnr5mha7bycj.cloudfront.net/product-image/file/large_cef6fca3-855c-43c0-becb-a57a51f77d43.png",
"Hess Select Rose Wine, California",9.51,yes,18.24,,https://www.instacart.com/store/items/item_1491624046,"https://www.instacart.com/image-server/1028x1028/filters:fill(FFF,true):format(jpg)/d2lnr5mha7bycj.cloudfront.net/product-image/file/large_ad3cf267-eb22-46d2-8b9c-383df2b1d829.png",running low
"Josh Cellars Pinot Grigio",12.64,yes,16.41,,https://www.instacart.com/store/items/item_184509006,"https://www.instacart.com/image-server/1028x1028/filters:fill(FFF,true):format(jpg)/d2lnr5mha7bycj.cloudfront.net/product-image/file/large_db665c8f-4599-409a-a52d-9aa5fc26ea32.jpg",
"Sho Chiku Bai Sake, Junmai, Classic",5.16,yes,5.45,,https://www.instacart.com/store/items/item_187325262,"https://www.instacart.com/image-server/1028x1028/filters:fill(FFF,true):format(jpg)/d2lnr5mha7bycj.cloudfront.net/product-image/file/large_84d84aea-07a9-4c94-aa8b-d4046946c2f0.png",
"Mazarini Rose, Extra Dry",11.49,yes,14.94,,https://www.instacart.com/store/items/item_752641289,"https://www.instacart.com/image-server/1028x1028/filters:fill(FFF,true):format(jpg)/d2lnr5mha7bycj.cloudfront.net/product-image/file/large_e2147aad-c7ec-46e5-a8d7-562140f8d257.jpg",
"Outspoken® Outspoken Bubbly Rosé Sparkling Wine",3.44,yes,4.59,,https://www.instacart.com/store/items/item_713701450,"https://www.instacart.com/image-server/1028x1028/filters:fill(FFF,true):format(jpg)/d2lnr5mha7bycj.cloudfront.net/product-image/file/large_b203d934-b36e-4a87-aa2b-caf36f50535e.png",
"Scharffen Berger Sparkling Wine, Mendocino County",22.99,yes,29.89,,https://www.instacart.com/store/items/item_187273293,"https://www.instacart.com/image-server/1028x1028/filters:fill(FFF,true):format(jpg)/d2lnr5mha7bycj.cloudfront.net/product-image/file/large_11e06cc4-e3ff-45e0-a3d4-81ad1d985edb.jpg",
"Piper-Heidsieck Cuvee Brut Champagne",51.74,yes,63.24,,https://www.instacart.com/store/items/item_2575918442,"https://www.instacart.com/image-server/1028x1028/filters:fill(FFF,true):format(jpg)/d2lnr5mha7bycj.cloudfront.net/product-image/file/large_eab5fad4-ecc2-4b4b-82f9-a94645d6cb4d.png",
"Chandon Spritz, Garden",25.29,yes,34.49,,https://www.instacart.com/store/items/item_3356201617,"https://www.instacart.com/image-server/1028x1028/filters:fill(FFF,true):format(jpg)/d2lnr5mha7bycj.cloudfront.net/product-image/file/large_ed331b77-5299-4b60-8c1e-c7ec479e89a9.png",
"Fre Sparkling Brut Wine, Alcohol-Removed",10.99,yes,11.41,,https://www.instacart.com/store/items/item_187206929,"https://www.instacart.com/image-server/1028x1028/filters:fill(FFF,true):format(jpg)/d2lnr5mha7bycj.cloudfront.net/product-image/file/large_c9fd45c5-a8ba-49dd-b60b-0ca2473cea5d.jpg",
"Gloria Ferrer Blanc de Noirs Rosé Sparkling Wine",21.71,yes,29.19,,https://www.instacart.com/store/items/item_184792745,"https://www.instacart.com/image-server/1028x1028/filters:fill(FFF,true):format(jpg)/d2lnr5mha7bycj.cloudfront.net/product-image/file/large_9525d04a-110d-4281-9b5a-985fe180e72b.jpg",
"Kinsen Plum Grape Wine, with Natural Plum Flavor and Caramel, Original",9.19,yes,9.84,,https://www.instacart.com/store/items/item_187230387,"https://www.instacart.com/image-server/1028x1028/filters:fill(FFF,true):format(jpg)/d2lnr5mha7bycj.cloudfront.net/product-image/file/large_48058df4-7447-43c0-9bd3-8ef8bc97a82d.png",
"Sho Chiku Bai Classic Junmai Sake",9.19,yes,10.93,,https://www.instacart.com/store/items/item_187202161,"https://www.instacart.com/image-server/1028x1028/filters:fill(FFF,true):format(jpg)/d2lnr5mha7bycj.cloudfront.net/product-image/file/large_d9e268d6-9ed7-4257-8ebb-f9b88d96aef2.jpg",
"Chateau de Berne Romance, French Rosé",15.15,yes,20.69,,https://www.instacart.com/store/items/item_738296026,"https://www.instacart.com/image-server/1028x1028/filters:fill(FFF,true):format(jpg)/d2lnr5mha7bycj.cloudfront.net/product-image/file/large_18d1d8bf-0d24-4887-a033-484b707ea775.jpg",running low
"Piper Sonoma Blanc de Blancs",17.24,yes,21.34,,https://www.instacart.com/store/items/item_1371696304,"https://www.instacart.com/image-server/1028x1028/filters:fill(FFF,true):format(jpg)/d2lnr5mha7bycj.cloudfront.net/product-image/file/large_99732b39-8fef-4ff2-bbdf-cc11de1a2f24.jpg",running low
"Gerard Bertrand Cote Des Roses",18.39,yes,26.93,,https://www.instacart.com/store/items/item_187288999,"https://www.instacart.com/image-server/1028x1028/filters:fill(FFF,true):format(jpg)/d2lnr5mha7bycj.cloudfront.net/product-image/file/large_6464028d-16c5-4206-b762-a8eefefd8d3c.png",
"Stella Rosa Peach",13.79,yes,17.24,,https://www.instacart.com/store/items/item_187162434,"https://www.instacart.com/image-server/1028x1028/filters:fill(FFF,true):format(jpg)/d2lnr5mha7bycj.cloudfront.net/product-image/file/large_a44bd9c2-9df2-4183-8dc9-bfee36613299.jpg",
"Chateau Ste. Michelle Rose Wine",9.19,yes,13.79,,https://www.instacart.com/store/items/item_254026945,"https://www.instacart.com/image-server/1028x1028/filters:fill(FFF,true):format(jpg)/d2lnr5mha7bycj.cloudfront.net/product-image/file/large_c540c301-1346-4fbf-8b82-08f5a0411121.jpg",
"Underwood Carbonated Wine",6.89,yes,8.04,,https://www.instacart.com/store/items/item_455329310,"https://www.instacart.com/image-server/1028x1028/filters:fill(FFF,true):format(jpg)/d2lnr5mha7bycj.cloudfront.net/product-image/file/large_1739f780-b5fc-4cd3-b686-558a9c3b689d.png",
"Stella Rosa Watermelon",13.79,yes,17.24,,https://www.instacart.com/store/items/item_2029924327,"https://www.instacart.com/image-server/1028x1028/filters:fill(FFF,true):format(jpg)/d2lnr5mha7bycj.cloudfront.net/product-image/file/large_6b2d29bc-54fd-4aa2-afd5-9fd1daf8b983.png",
"Sofia Brut Rose California",17.24,yes,22.99,,https://www.instacart.com/store/items/item_187134936,"https://www.instacart.com/image-server/1028x1028/filters:fill(FFF,true):format(jpg)/d2lnr5mha7bycj.cloudfront.net/product-image/file/large_4ead55e8-321d-4cac-869e-36a3b73f0b75.png",
"Moet Imperial 750ml",60.04,yes,81.64,,https://www.instacart.com/store/items/item_3249755404,"https://www.instacart.com/image-server/1028x1028/filters:fill(FFF,true):format(jpg)/d2lnr5mha7bycj.cloudfront.net/product-image/file/large_e4f2f373-917f-46de-b7b7-489c4345e33a.png",running low
"Sho Chiku Bai Sake, Premium Ginjo",6.89,yes,8.20,,https://www.instacart.com/store/items/item_267823596,"https://www.instacart.com/image-server/1028x1028/filters:fill(FFF,true):format(jpg)/d2lnr5mha7bycj.cloudfront.net/product-image/file/large_6f8464ab-20e6-4bda-ac5b-5e7b3358dc82.png",
"Moët & Chandon Imperial Brut Champagne",60.04,yes,81.64,,https://www.instacart.com/store/items/item_3249761107,"https://www.instacart.com/image-server/1028x1028/filters:fill(FFF,true):format(jpg)/d2lnr5mha7bycj.cloudfront.net/product-image/file/large_487afa26-9e8b-4e4f-9d37-6ad4a7812f2b.png",
"La Vieille Ferme Sparkling Wine, Rose",12.50,yes,20.69,,https://www.instacart.com/store/items/item_748807056,"https://www.instacart.com/image-server/1028x1028/filters:fill(FFF,true):format(jpg)/d2lnr5mha7bycj.cloudfront.net/product-image/file/large_11c2082c-1baf-41aa-888a-9ebed8b1f5e3.png",
"Sofia Rose Monterey, California",14.94,yes,19.54,,https://www.instacart.com/store/items/item_187216758,"https://www.instacart.com/image-server/1028x1028/filters:fill(FFF,true):format(jpg)/d2lnr5mha7bycj.cloudfront.net/product-image/file/large_48827b0b-3551-4c59-9036-4bec4aefa856.png",
"Domaine Carneros Sparkling Wine, Brut Rose",45.99,yes,57.49,,https://www.instacart.com/store/items/item_187166089,"https://www.instacart.com/image-server/1028x1028/filters:fill(FFF,true):format(jpg)/d2lnr5mha7bycj.cloudfront.net/product-image/file/large_c66e16f3-a3b2-4949-a799-e9be035c55e4.jpg",
"Chateau Ste. Michelle Elements Strawberry Hibiscus Rose Wine",12.64,yes,17.24,,https://www.instacart.com/store/items/item_14347604534,"https://www.instacart.com/image-server/1028x1028/filters:fill(FFF,true):format(jpg)/d2lnr5mha7bycj.cloudfront.net/product-image/file/large_594d65a4-9d9f-41e7-832f-7e9143ee7f8e.jpg",
"Moët & Chandon Brut Imperial Golden Diamond Suit",60.04,yes,81.64,,https://www.instacart.com/store/items/item_3249743005,"https://www.instacart.com/image-server/1028x1028/filters:fill(FFF,true):format(jpg)/d1s8987jlndkbs.cloudfront.net/assets/missing-item-4bbe82b8555e4d1c12626fd482cb2409713e8e30835645ff3650ef66a725d03c.png",
"Charles & Charles Rose",8.13,yes,17.24,,https://www.instacart.com/store/items/item_187320312,"https://www.instacart.com/image-server/1028x1028/filters:fill(FFF,true):format(jpg)/d2lnr5mha7bycj.cloudfront.net/product-image/file/large_08d0b1da-8e13-4a0e-989f-c772f57c0af6.jpg",
"Real Sangria The #1 imported Sangria in the U.S. A truly authentic Spanish Sangria, made 100% from Spanish wine and natural citrus fruit flavors.",5.74,yes,6.89,,https://www.instacart.com/store/items/item_187322767,"https://www.instacart.com/image-server/1028x1028/filters:fill(FFF,true):format(jpg)/d2lnr5mha7bycj.cloudfront.net/product-image/file/large_7202c39e-dc6f-4237-baa7-254cbfd18b04.png",
"Moët & Chandon Imperial Brut Champagne",68.99,no,,,https://www.instacart.com/store/items/item_3249747311,"https://www.instacart.com/image-server/1028x1028/filters:fill(FFF,true):format(jpg)/d2lnr5mha7bycj.cloudfront.net/product-image/file/large_f702cd3a-a325-4e3d-be36-43828d1975b3.png",
"J Vineyards Cuvee 20 Brut Sparkling Wine",41.39,yes,54.74,,https://www.instacart.com/store/items/item_187210092,"https://www.instacart.com/image-server/1028x1028/filters:fill(FFF,true):format(jpg)/d2lnr5mha7bycj.cloudfront.net/product-image/file/large_4954b028-b71f-487d-b210-48b5580631ae.png",
"The Palm by Whispering Angel Provence Rose",18.39,yes,21.84,,https://www.instacart.com/store/items/item_606277854,"https://www.instacart.com/image-server/1028x1028/filters:fill(FFF,true):format(jpg)/d2lnr5mha7bycj.cloudfront.net/product-image/file/large_16e642f2-5775-4b8a-89bd-4a0f8394de17.png",
"Menage a Trois Hot Pink Rose Wine",11.49,yes,14.94,,https://www.instacart.com/store/items/item_20714653700,"https://www.instacart.com/image-server/1028x1028/filters:fill(FFF,true):format(jpg)/d2lnr5mha7bycj.cloudfront.net/product-image/file/large_8fedff82-2b99-4241-9165-dfe8891690c9.jpg",
"Kinsen Plum Grape Wine, with Natural Plum Flavor and Caramel, Original",9.19,yes,9.84,,https://www.instacart.com/store/items/item_187230387,"https://www.instacart.com/image-server/1028x1028/filters:fill(FFF,true):format(jpg)/d2lnr5mha7bycj.cloudfront.net/product-image/file/large_48058df4-7447-43c0-9bd3-8ef8bc97a82d.png",
"19 Crimes Cali Rose",14.94,yes,17.24,,https://www.instacart.com/store/items/item_3046127689,"https://www.instacart.com/image-server/1028x1028/filters:fill(FFF,true):format(jpg)/d2lnr5mha7bycj.cloudfront.net/product-image/file/large_87dde968-a832-4172-abbc-4bb05b6f9faf.jpg",
"Stella Rosa Blueberry",13.79,yes,17.24,,https://www.instacart.com/store/items/item_1743457090,"https://www.instacart.com/image-server/1028x1028/filters:fill(FFF,true):format(jpg)/d2lnr5mha7bycj.cloudfront.net/product-image/file/large_416fdb28-c64b-494d-ae02-77cd1eca792d.png",
"Stella Rosa Pineapple (2-Pack Carrier)",8.04,yes,11.49,,https://www.instacart.com/store/items/item_2209777656,"https://www.instacart.com/image-server/1028x1028/filters:fill(FFF,true):format(jpg)/d2lnr5mha7bycj.cloudfront.net/product-image/file/large_c1c81737-b50f-49b1-bc25-4250e7ca09ff.png",
"Stella Rosa Pineapple",13.79,yes,17.24,,https://www.instacart.com/store/items/item_1453948590,"https://www.instacart.com/image-server/1028x1028/filters:fill(FFF,true):format(jpg)/d2lnr5mha7bycj.cloudfront.net/product-image/file/large_9a1f556a-9e51-4035-9d79-c5f7dba4dc28.png",
"J. Lohr Estates Los Osos Merlot",13.79,yes,21.34,,https://www.instacart.com/store/items/item_192530443,"https://www.instacart.com/image-server/1028x1028/filters:fill(FFF,true):format(jpg)/d2lnr5mha7bycj.cloudfront.net/product-image/file/large_eef6b736-6068-4759-a24b-26dbc7ac1e25.jpg",
"Moët & Chandon Imperial Rose Champagne",89.69,yes,112.69,,https://www.instacart.com/store/items/item_3614293724,"https://www.instacart.com/image-server/1028x1028/filters:fill(FFF,true):format(jpg)/d2lnr5mha7bycj.cloudfront.net/product-image/file/large_6dad6107-7788-4b58-8bb4-f487d00ced34.png",
"Whitehaven Sauvignon Blanc, Marlborough, New Zealand, 2016",18.39,yes,24.62,,https://www.instacart.com/store/items/item_187333046,"https://www.instacart.com/image-server/1028x1028/filters:fill(FFF,true):format(jpg)/d2lnr5mha7bycj.cloudfront.net/product-image/file/large_66c71760-221b-4242-a2d7-af78c05412b9.png",running low
"Barefoot Fruitscato Blueberry Moscato Sweet Wine",6.66,yes,8.20,,https://www.instacart.com/store/items/item_12408818764,"https://www.instacart.com/image-server/1028x1028/filters:fill(FFF,true):format(jpg)/d2lnr5mha7bycj.cloudfront.net/product-image/file/large_906eaba9-84b5-4c05-b746-66573d7aab4c.png",
"Beringer Main & Vine Pinot Grigio White Wine",4.01,yes,6.56,,https://www.instacart.com/store/items/item_187310506,"https://www.instacart.com/image-server/1028x1028/filters:fill(FFF,true):format(jpg)/d2lnr5mha7bycj.cloudfront.net/product-image/file/large_4dca8108-0893-4009-8c8d-69b8ab30c112.png",
"Carlo Rossi Sangria Red Wine",6.31,yes,8.04,,https://www.instacart.com/store/items/item_187216115,"https://www.instacart.com/image-server/1028x1028/filters:fill(FFF,true):format(jpg)/d2lnr5mha7bycj.cloudfront.net/product-image/file/large_fe234931-16b4-46ac-a860-c73d072f9eb5.png",
"House Wine Carbonated Wine, Rose Bubbles",5.74,yes,6.89,,https://www.instacart.com/store/items/item_601730876,"https://www.instacart.com/image-server/1028x1028/filters:fill(FFF,true):format(jpg)/d2lnr5mha7bycj.cloudfront.net/product-image/file/large_670179df-d6e1-49b6-8f70-8cb1b390c294.png",running low
"Chateau St. Jean Pinot Noir, California, 2017",8.04,yes,11.49,,https://www.instacart.com/store/items/item_187301958,"https://www.instacart.com/image-server/1028x1028/filters:fill(FFF,true):format(jpg)/d2lnr5mha7bycj.cloudfront.net/product-image/file/large_a1196f39-773f-480f-aeaa-9e9da0af5d28.png",
"Quail Oak Quail Oak Moscato White Wine",3.82,yes,4.91,,https://www.instacart.com/store/items/item_455851985,"https://www.instacart.com/image-server/1028x1028/filters:fill(FFF,true):format(jpg)/d2lnr5mha7bycj.cloudfront.net/product-image/file/large_f01e7e16-180d-4899-a941-d8220730241d.png",
"Domaine Auchère Sancerre",22.99,yes,28.74,,https://www.instacart.com/store/items/item_748544087,"https://www.instacart.com/image-server/1028x1028/filters:fill(FFF,true):format(jpg)/d2lnr5mha7bycj.cloudfront.net/product-image/file/large_f44e0231-3091-4f7d-8a0c-7d1e8593bbd5.jpg",running low
"Miraval Cotes de Provence Rose",27.59,yes,37.77,,https://www.instacart.com/store/items/item_187232168,"https://www.instacart.com/image-server/1028x1028/filters:fill(FFF,true):format(jpg)/d2lnr5mha7bycj.cloudfront.net/product-image/file/large_7e198e42-8b3b-49e1-a865-e0ba401c483f.png",
"Moët & Chandon Nectar Impérial Rosé",89.69,yes,112.69,,https://www.instacart.com/store/items/item_251493015,"https://www.instacart.com/image-server/1028x1028/filters:fill(FFF,true):format(jpg)/d2lnr5mha7bycj.cloudfront.net/product-image/file/large_d1b124af-525b-4741-8ee3-5b3dcde2d38c.png",
"Barefoot Pinot Grigio White Wine",6.66,yes,8.20,,https://www.instacart.com/store/items/item_187266718,"https://www.instacart.com/image-server/1028x1028/filters:fill(FFF,true):format(jpg)/d2lnr5mha7bycj.cloudfront.net/product-image/file/large_af13f79b-bc43-4dde-93f5-56054a9640dc.png",
"Barefoot Sauvignon Blanc White Wine",6.66,yes,8.20,,https://www.instacart.com/store/items/item_184463547,"https://www.instacart.com/image-server/1028x1028/filters:fill(FFF,true):format(jpg)/d2lnr5mha7bycj.cloudfront.net/product-image/file/large_ca292cda-7320-4af1-a0f6-d85e0c5ae5b8.png",
"Menage a Trois Sultry Red Wine",11.49,yes,14.94,,https://www.instacart.com/store/items/item_15313802580,"https://www.instacart.com/image-server/1028x1028/filters:fill(FFF,true):format(jpg)/d2lnr5mha7bycj.cloudfront.net/product-image/file/large_6151cf95-eee6-43f3-be75-c352be76c595.jpg",
"Menage a Trois Wines Prosecco",13.79,yes,17.24,,https://www.instacart.com/store/items/item_2319768074,"https://www.instacart.com/image-server/1028x1028/filters:fill(FFF,true):format(jpg)/d1s8987jlndkbs.cloudfront.net/assets/missing-item-4bbe82b8555e4d1c12626fd482cb2409713e8e30835645ff3650ef66a725d03c.png",
"Apothic Rose Wine 750ml",10.21,yes,16.09,,https://www.instacart.com/store/items/item_262702909,"https://www.instacart.com/image-server/1028x1028/filters:fill(FFF,true):format(jpg)/d2lnr5mha7bycj.cloudfront.net/product-image/file/large_35a00114-349c-46c7-a690-eb6b137341a2.png",
"Veuve Clicquot Yellow Label Brut",66.40,yes,95.44,,https://www.instacart.com/store/items/item_3184596727,"https://www.instacart.com/image-server/1028x1028/filters:fill(FFF,true):format(jpg)/d1s8987jlndkbs.cloudfront.net/assets/missing-item-4bbe82b8555e4d1c12626fd482cb2409713e8e30835645ff3650ef66a725d03c.png",
"Stella Rosa Pink",13.79,yes,17.24,,https://www.instacart.com/store/items/item_187228109,"https://www.instacart.com/image-server/1028x1028/filters:fill(FFF,true):format(jpg)/d2lnr5mha7bycj.cloudfront.net/product-image/file/large_cae8864b-4ac4-4fa1-b141-6853493bd272.jpg",
"Cupcake Vineyards Red Velvet",9.19,yes,13.79,,https://www.instacart.com/store/items/item_187292422,"https://www.instacart.com/image-server/1028x1028/filters:fill(FFF,true):format(jpg)/d2lnr5mha7bycj.cloudfront.net/product-image/file/large_4ad15fd3-b73b-4a4a-8ba2-329d768a53c0.jpg",
"Barefoot Rose Wine 4 Single Serve Cans",8.04,yes,9.19,,https://www.instacart.com/store/items/item_318069317,"https://www.instacart.com/image-server/1028x1028/filters:fill(FFF,true):format(jpg)/d2lnr5mha7bycj.cloudfront.net/product-image/file/large_2ebef5f0-afe3-4941-81b9-bec3e03e48f5.png",
"Stella Rosa Moscato D'Asti",13.79,yes,17.24,,https://www.instacart.com/store/items/item_187272737,"https://www.instacart.com/image-server/1028x1028/filters:fill(FFF,true):format(jpg)/d2lnr5mha7bycj.cloudfront.net/product-image/file/large_db0d4e45-b790-4f55-8a29-d4ae8dcd79ca.jpg",
"Oyster Bay Sauvignon Blanc",13.79,yes,19.70,,https://www.instacart.com/store/items/item_187319208,"https://www.instacart.com/image-server/1028x1028/filters:fill(FFF,true):format(jpg)/d2lnr5mha7bycj.cloudfront.net/product-image/file/large_67c1105b-57e8-4adb-b92c-8a114d07e2ea.png",
"Franzia® Chablis White Wine",17.24,yes,21.34,,https://www.instacart.com/store/items/item_187199550,"https://www.instacart.com/image-server/1028x1028/filters:fill(FFF,true):format(jpg)/d2lnr5mha7bycj.cloudfront.net/product-image/file/large_80082470-f9d1-40cd-8019-54eea1e3d73f.jpg",
"Moët & Chandon Brut Imperial With Diamond Suit",60.04,yes,81.64,,https://www.instacart.com/store/items/item_50906636605,"https://www.instacart.com/image-server/1028x1028/filters:fill(FFF,true):format(jpg)/d1s8987jlndkbs.cloudfront.net/assets/missing-item-4bbe82b8555e4d1c12626fd482cb2409713e8e30835645ff3650ef66a725d03c.png",
"Girard's Vinaigrette, Champagne",5.19,yes,5.79,,https://www.instacart.com/store/items/item_697808285,"https://www.instacart.com/image-server/1028x1028/filters:fill(FFF,true):format(jpg)/d2lnr5mha7bycj.cloudfront.net/product-image/file/large_a658521b-ba37-4d54-a38e-147e6baa2d24.png",
"Josh Cellars Rosé",12.64,yes,16.41,,https://www.instacart.com/store/items/item_184433827,"https://www.instacart.com/image-server/1028x1028/filters:fill(FFF,true):format(jpg)/d2lnr5mha7bycj.cloudfront.net/product-image/file/large_c46d8c61-28a8-4db6-b54e-b039bc07282f.jpg",
"Bread & Butter Sauvignon Blanc, 2019",14.94,yes,20.69,,https://www.instacart.com/store/items/item_2597125516,"https://www.instacart.com/image-server/1028x1028/filters:fill(FFF,true):format(jpg)/d2lnr5mha7bycj.cloudfront.net/product-image/file/large_31cb77bf-a3be-4125-9946-12514548613b.png",
"Girard's Champagne, 60 Calorie Vinaigrette",5.19,yes,5.79,,https://www.instacart.com/store/items/item_725558626,"https://www.instacart.com/image-server/1028x1028/filters:fill(FFF,true):format(jpg)/d2lnr5mha7bycj.cloudfront.net/product-image/file/large_ac1a3d41-dbb0-47a7-930f-fadd4c1f500f.png",
"Stella Rosa Moscato D'Asti",13.79,yes,17.24,,https://www.instacart.com/store/items/item_187272737,"https://www.instacart.com/image-server/1028x1028/filters:fill(FFF,true):format(jpg)/d2lnr5mha7bycj.cloudfront.net/product-image/file/large_db0d4e45-b790-4f55-8a29-d4ae8dcd79ca.jpg",
"Quail Oak Quail Oak Chardonnay White Wine",3.82,yes,4.91,,https://www.instacart.com/store/items/item_187307899,"https://www.instacart.com/image-server/1028x1028/filters:fill(FFF,true):format(jpg)/d2lnr5mha7bycj.cloudfront.net/product-image/file/large_beb35536-369d-41ee-9fb5-52ac1c665938.png",
"Fre Chardonnay White Wine, Alcohol-Removed",8.99,yes,11.99,,https://www.instacart.com/store/items/item_187309629,"https://www.instacart.com/image-server/1028x1028/filters:fill(FFF,true):format(jpg)/d2lnr5mha7bycj.cloudfront.net/product-image/file/large_2dfe3c8d-8689-497e-8ac1-8a57f213cbb7.jpg",
"Franzia® Sunset Blush Pink Wine",11.49,yes,16.41,,https://www.instacart.com/store/items/item_270249348,"https://www.instacart.com/image-server/1028x1028/filters:fill(FFF,true):format(jpg)/d2lnr5mha7bycj.cloudfront.net/product-image/file/large_cce111ae-7596-46ea-b5e5-da6eaf80ca85.jpg",
"DAOU Rose, Paso Robles, 2019",26.44,yes,34.49,,https://www.instacart.com/store/items/item_1506183238,"https://www.instacart.com/image-server/1028x1028/filters:fill(FFF,true):format(jpg)/d2lnr5mha7bycj.cloudfront.net/product-image/file/large_dcfc6e2b-1724-4d07-befe-14ce9cf8791b.png",
"Viola Rosa Peach",10.34,yes,13.79,,https://www.instacart.com/store/items/item_1471441787,"https://www.instacart.com/image-server/1028x1028/filters:fill(FFF,true):format(jpg)/d2lnr5mha7bycj.cloudfront.net/product-image/file/large_97a84e13-e30f-4873-99d9-15c7322e0346.png",
"Bartenura Moscato D'Asti",17.24,yes,21.84,,https://www.instacart.com/store/items/item_187266239,"https://www.instacart.com/image-server/1028x1028/filters:fill(FFF,true):format(jpg)/d2lnr5mha7bycj.cloudfront.net/product-image/file/large_7dfb1cbf-776c-455d-8409-e42f1efef6c7.jpg",
"Line 39 Pinot Noir, California, 2013",10.34,yes,14.77,,https://www.instacart.com/store/items/item_187308360,"https://www.instacart.com/image-server/1028x1028/filters:fill(FFF,true):format(jpg)/d2lnr5mha7bycj.cloudfront.net/product-image/file/large_80c69ec0-b37c-4358-b07a-398d42bffba2.jpg",
"Barefoot Moscato White Wine",6.66,yes,8.20,,https://www.instacart.com/store/items/item_187305990,"https://www.instacart.com/image-server/1028x1028/filters:fill(FFF,true):format(jpg)/d2lnr5mha7bycj.cloudfront.net/product-image/file/large_29896a45-beee-4151-af2f-953adbca7928.png",
"Gekkeikan Sake",3.44,yes,5.45,,https://www.instacart.com/store/items/item_187195899,"https://www.instacart.com/image-server/1028x1028/filters:fill(FFF,true):format(jpg)/d2lnr5mha7bycj.cloudfront.net/product-image/file/large_3f9222c8-71c2-42b1-b776-4938181a7a76.png",
"Etoile Sparkling Wine, Rose",57.49,yes,77.04,,https://www.instacart.com/store/items/item_192345083,"https://www.instacart.com/image-server/1028x1028/filters:fill(FFF,true):format(jpg)/d2lnr5mha7bycj.cloudfront.net/product-image/file/large_eb2ada79-6078-46e3-8c03-783e5bfd477a.png",
"Miraval Rose Wine",22.99,yes,31.04,,https://www.instacart.com/store/items/item_12890584642,"https://www.instacart.com/image-server/1028x1028/filters:fill(FFF,true):format(jpg)/d2lnr5mha7bycj.cloudfront.net/product-image/file/large_692c53ab-f02c-44ff-a4b2-69bd81682eb0.png",
"Cupcake Butterkissed Chardonnay",9.19,yes,13.79,,https://www.instacart.com/store/items/item_187156303,"https://www.instacart.com/image-server/1028x1028/filters:fill(FFF,true):format(jpg)/d2lnr5mha7bycj.cloudfront.net/product-image/file/large_8fb5ed81-4f77-4b52-8f0e-0697af09eeee.jpg",
"Santa Margherita Pinot Grigio 2016",25.29,yes,36.12,,https://www.instacart.com/store/items/item_187098539,"https://www.instacart.com/image-server/1028x1028/filters:fill(FFF,true):format(jpg)/d2lnr5mha7bycj.cloudfront.net/product-image/file/large_ff671a05-933a-4c3a-982d-0820dcb26920.png",
"Whispering Angel Cotes de Provence Rose",27.59,yes,36.12,,https://www.instacart.com/store/items/item_267888619,"https://www.instacart.com/image-server/1028x1028/filters:fill(FFF,true):format(jpg)/d2lnr5mha7bycj.cloudfront.net/product-image/file/large_5f56ac9e-5cf2-42b8-aa22-04f8049b58f8.png",
"Stella Rosa Berry",13.79,yes,17.24,,https://www.instacart.com/store/items/item_187234621,"https://www.instacart.com/image-server/1028x1028/filters:fill(FFF,true):format(jpg)/d2lnr5mha7bycj.cloudfront.net/product-image/file/large_6625ee8e-3586-4393-a8d7-fc64f12cd479.jpg",
"Yes Way Rosé French Rosé Wine",13.79,yes,19.54,,https://www.instacart.com/store/items/item_661544902,"https://www.instacart.com/image-server/1028x1028/filters:fill(FFF,true):format(jpg)/d2lnr5mha7bycj.cloudfront.net/product-image/file/large_a1f7b7bc-e97c-4f8a-8593-737e5a1b6430.jpg",
"Stella Rosa Black",13.79,yes,17.24,,https://www.instacart.com/store/items/item_187328789,"https://www.instacart.com/image-server/1028x1028/filters:fill(FFF,true):format(jpg)/d2lnr5mha7bycj.cloudfront.net/product-image/file/large_335d4713-03da-47ed-ab0f-65fcb88242ac.png",
"Stella Rosa Black",28.74,yes,37.94,,https://www.instacart.com/store/items/item_15799546946,"https://www.instacart.com/image-server/1028x1028/filters:fill(FFF,true):format(jpg)/d2lnr5mha7bycj.cloudfront.net/product-image/file/large_9d8cb40b-cb6f-4c07-b1da-649a116690d6.jpg",
"Jnsq Rosé Cru Wine",33.34,yes,43.69,,https://www.instacart.com/store/items/item_738672551,"https://www.instacart.com/image-server/1028x1028/filters:fill(FFF,true):format(jpg)/d2lnr5mha7bycj.cloudfront.net/product-image/file/large_ee0eaa53-c060-499c-befe-f6afc895d695.jpg",
"La Crema Sonoma Coast Chardonnay White Wine",19.54,yes,26.27,,https://www.instacart.com/store/items/item_186976430,"https://www.instacart.com/image-server/1028x1028/filters:fill(FFF,true):format(jpg)/d2lnr5mha7bycj.cloudfront.net/product-image/file/large_cf56fd05-8f0d-4626-882b-7020f8f67956.jpg",
"Bread & Butter Rose, California",14.94,yes,20.69,,https://www.instacart.com/store/items/item_748543908,"https://www.instacart.com/image-server/1028x1028/filters:fill(FFF,true):format(jpg)/d2lnr5mha7bycj.cloudfront.net/product-image/file/large_bd80ed8b-40cc-4640-8bfc-4512f061701c.png",
"O Organics Cabernet Sauvignon, California",11.49,yes,16.09,,https://www.instacart.com/store/items/item_1473048239,"https://www.instacart.com/image-server/1028x1028/filters:fill(FFF,true):format(jpg)/d2lnr5mha7bycj.cloudfront.net/product-image/file/large_43803aad-1ef4-403b-b285-717a45355e15.png",
"Bread & Butter Chardonnay",14.94,yes,20.69,,https://www.instacart.com/store/items/item_491024050,"https://www.instacart.com/image-server/1028x1028/filters:fill(FFF,true):format(jpg)/d2lnr5mha7bycj.cloudfront.net/product-image/file/large_5d6fe730-5b05-4a21-b0ff-e7d129568932.png",
"La Crema Monterey Pinot Noir Rosé Rose Wine",14.94,yes,25.29,,https://www.instacart.com/store/items/item_267881360,"https://www.instacart.com/image-server/1028x1028/filters:fill(FFF,true):format(jpg)/d2lnr5mha7bycj.cloudfront.net/product-image/file/large_edeba6d3-a6b5-4c76-bbc1-d8df6dc0f879.jpg",
"Whispering Angel Rose Wine",27.59,yes,36.12,,https://www.instacart.com/store/items/item_3180704366,"https://www.instacart.com/image-server/1028x1028/filters:fill(FFF,true):format(jpg)/d2lnr5mha7bycj.cloudfront.net/product-image/file/large_684f1ecd-19c7-4346-9ed9-a7b2ac4e6738.jpg",
"Stella Rosa Rosso",13.79,yes,17.24,,https://www.instacart.com/store/items/item_187201899,"https://www.instacart.com/image-server/1028x1028/filters:fill(FFF,true):format(jpg)/d2lnr5mha7bycj.cloudfront.net/product-image/file/large_c508c41a-1b22-4337-ac26-38d9e8c41b8b.jpg",
"Flowers Pinot Noir, Sonoma Coast, Sonoma Country, 2015",55.19,yes,73.91,,https://www.instacart.com/store/items/item_187303271,"https://www.instacart.com/image-server/1028x1028/filters:fill(FFF,true):format(jpg)/d2lnr5mha7bycj.cloudfront.net/product-image/file/large_b8d20c50-8c11-4572-af91-5e95ad98521f.png",
"Stella Rosa Red",13.79,yes,17.24,,https://www.instacart.com/store/items/item_187218387,"https://www.instacart.com/image-server/1028x1028/filters:fill(FFF,true):format(jpg)/d2lnr5mha7bycj.cloudfront.net/product-image/file/large_5172822d-e2ca-4000-9a77-fe3ea0ed2028.png",
"Franzia® Crisp White White Wine",11.49,yes,16.41,,https://www.instacart.com/store/items/item_187341130,"https://www.instacart.com/image-server/1028x1028/filters:fill(FFF,true):format(jpg)/d2lnr5mha7bycj.cloudfront.net/product-image/file/large_63c73a8c-9259-4966-bbe4-ae27a701dfac.jpg",
"A to Z Wineworks Chardonnay, Oregon",17.24,yes,22.99,,https://www.instacart.com/store/items/item_602310910,"https://www.instacart.com/image-server/1028x1028/filters:fill(FFF,true):format(jpg)/d2lnr5mha7bycj.cloudfront.net/product-image/file/large_97c255c6-3d7d-4267-8056-a69cae278230.png",
"Wente Vineyards Riva Ranch Chardonnay",18.39,yes,25.29,,https://www.instacart.com/store/items/item_187309125,"https://www.instacart.com/image-server/1028x1028/filters:fill(FFF,true):format(jpg)/d2lnr5mha7bycj.cloudfront.net/product-image/file/large_2c3f573f-ae9a-41a4-88a7-9921d3083dfb.png",
"Joel Gott Wines Oregon Pinot Gris White Wine",13.79,yes,19.70,,https://www.instacart.com/store/items/item_184354218,"https://www.instacart.com/image-server/1028x1028/filters:fill(FFF,true):format(jpg)/d2lnr5mha7bycj.cloudfront.net/product-image/file/large_061d2b1f-1806-42b6-a8c7-7e8b7e21904d.jpg",
"Barefoot Chardonnay White Wine",6.66,yes,8.20,,https://www.instacart.com/store/items/item_184332876,"https://www.instacart.com/image-server/1028x1028/filters:fill(FFF,true):format(jpg)/d2lnr5mha7bycj.cloudfront.net/product-image/file/large_8b0e5f85-c41e-41d3-abc8-e44c2beb3ddf.png",
"Beringer Main & Vine Chenin Blanc White Wine",4.01,yes,6.56,,https://www.instacart.com/store/items/item_187272829,"https://www.instacart.com/image-server/1028x1028/filters:fill(FFF,true):format(jpg)/d2lnr5mha7bycj.cloudfront.net/product-image/file/large_5dbe6d65-5b82-45a2-8ea3-b63b4ad1712d.png",
"Chandon Blanc De Noirs Wine",21.84,yes,29.89,,https://www.instacart.com/store/items/item_3181005799,"https://www.instacart.com/image-server/1028x1028/filters:fill(FFF,true):format(jpg)/d1s8987jlndkbs.cloudfront.net/assets/missing-item-4bbe82b8555e4d1c12626fd482cb2409713e8e30835645ff3650ef66a725d03c.png",
"Yellow Tail Chardonnay",11.49,yes,16.09,,https://www.instacart.com/store/items/item_184445690,"https://www.instacart.com/image-server/1028x1028/filters:fill(FFF,true):format(jpg)/d2lnr5mha7bycj.cloudfront.net/product-image/file/large_ade26998-9fbc-48fe-b5b8-5ff97c0f8c78.jpg",
"Barefoot Fruitscato Blueberry Moscato Sweet Wine",6.66,yes,8.20,,https://www.instacart.com/store/items/item_12408818764,"https://www.instacart.com/image-server/1028x1028/filters:fill(FFF,true):format(jpg)/d2lnr5mha7bycj.cloudfront.net/product-image/file/large_906eaba9-84b5-4c05-b746-66573d7aab4c.png",
"Bartenura Pinot Grigio",16.09,yes,21.84,,https://www.instacart.com/store/items/item_390588294,"https://www.instacart.com/image-server/1028x1028/filters:fill(FFF,true):format(jpg)/d2lnr5mha7bycj.cloudfront.net/product-image/file/large_a03c40d3-a88b-4f1e-9f73-7a2e95e85297.png",running low
"La Vieille Ferme Recolte, 2018",8.04,yes,11.49,,https://www.instacart.com/store/items/item_187321048,"https://www.instacart.com/image-server/1028x1028/filters:fill(FFF,true):format(jpg)/d2lnr5mha7bycj.cloudfront.net/product-image/file/large_3fb685c0-a70a-4317-9c7b-963dc90d6db6.png",
"Stag's Leap Petite Sirah",37.94,yes,59.12,,https://www.instacart.com/store/items/item_187230905,"https://www.instacart.com/image-server/1028x1028/filters:fill(FFF,true):format(jpg)/d2lnr5mha7bycj.cloudfront.net/product-image/file/large_187f98c4-0d9e-4026-9b56-2ed4a9dd834a.jpg",
"Decoy Sauvignon Blanc, California",18.39,yes,29.56,,https://www.instacart.com/store/items/item_187018252,"https://www.instacart.com/image-server/1028x1028/filters:fill(FFF,true):format(jpg)/d2lnr5mha7bycj.cloudfront.net/product-image/file/large_5a3553bc-dada-44ee-bd76-c87a537f77ca.png",
"Charles Smith Wines Rose Wine",9.74,yes,17.24,,https://www.instacart.com/store/items/item_1488410929,"https://www.instacart.com/image-server/1028x1028/filters:fill(FFF,true):format(jpg)/d2lnr5mha7bycj.cloudfront.net/product-image/file/large_ce6a2bea-27d0-4232-9f4b-b4f6b683dcf1.jpg",
"Sutter Home White Zinfandel Rose Wine",10.21,yes,11.49,,https://www.instacart.com/store/items/item_187307491,"https://www.instacart.com/image-server/1028x1028/filters:fill(FFF,true):format(jpg)/d2lnr5mha7bycj.cloudfront.net/product-image/file/large_b0957049-7f81-4a05-acdb-3c6e625426e0.jpg",
"Manischewitz Concord Kosher Red Wine",5.74,yes,7.87,,https://www.instacart.com/store/items/item_187305760,"https://www.instacart.com/image-server/1028x1028/filters:fill(FFF,true):format(jpg)/d2lnr5mha7bycj.cloudfront.net/product-image/file/large_81578e67-3537-4640-9ffa-53a94a5bae7c.png",
"Moët & Chandon Imperial Rose Champagne",89.69,yes,112.69,,https://www.instacart.com/store/items/item_3614293724,"https://www.instacart.com/image-server/1028x1028/filters:fill(FFF,true):format(jpg)/d2lnr5mha7bycj.cloudfront.net/product-image/file/large_6dad6107-7788-4b58-8bb4-f487d00ced34.png",
"Fleur de Mer French Rose Wine",20.69,yes,27.36,,https://www.instacart.com/store/items/item_187294442,"https://www.instacart.com/image-server/1028x1028/filters:fill(FFF,true):format(jpg)/d2lnr5mha7bycj.cloudfront.net/product-image/file/large_4c55628f-8597-4a8d-b226-8df04c3f0393.png",
"Barefoot Riesling White Wine",6.66,yes,8.20,,https://www.instacart.com/store/items/item_187225348,"https://www.instacart.com/image-server/1028x1028/filters:fill(FFF,true):format(jpg)/d2lnr5mha7bycj.cloudfront.net/product-image/file/large_2e8e801c-1df2-424f-b614-34e5b2a4663a.png",
"Château de Campuget Rose Wine, 2017",13.79,yes,18.39,,https://www.instacart.com/store/items/item_184309296,"https://www.instacart.com/image-server/1028x1028/filters:fill(FFF,true):format(jpg)/d2lnr5mha7bycj.cloudfront.net/product-image/file/large_5dbabfd6-51e2-4909-aed3-dc71fad153ad.png",
"Mind & Body Low Calorie Rose Wine",12.64,yes,14.94,,https://www.instacart.com/store/items/item_2631882421,"https://www.instacart.com/image-server/1028x1028/filters:fill(FFF,true):format(jpg)/d2lnr5mha7bycj.cloudfront.net/product-image/file/large_b6eae44a-cdeb-4827-92e0-7a3de34471fa.jpg",
"Meridian® Vineyards Chardonnay White Wine",4.59,yes,8.04,,https://www.instacart.com/store/items/item_187239574,"https://www.instacart.com/image-server/1028x1028/filters:fill(FFF,true):format(jpg)/d2lnr5mha7bycj.cloudfront.net/product-image/file/large_54bba25d-86f4-4401-bb4b-29a4bb7c6187.jpg",
"Apothic Pinot Noir, California",10.21,yes,16.09,,https://www.instacart.com/store/items/item_2975841720,"https://www.instacart.com/image-server/1028x1028/filters:fill(FFF,true):format(jpg)/d2lnr5mha7bycj.cloudfront.net/product-image/file/large_b425976a-4dc8-4b8a-8769-a3452fe1cbd0.png",
"Erath Pinot Noir",19.54,yes,26.27,,https://www.instacart.com/store/items/item_187326167,"https://www.instacart.com/image-server/1028x1028/filters:fill(FFF,true):format(jpg)/d2lnr5mha7bycj.cloudfront.net/product-image/file/large_d96cb9e8-bb51-468d-9abf-c46af3bb0cbd.jpg",
"A to Z Wineworks Riesling, Oregon, 2019",17.24,yes,25.29,,https://www.instacart.com/store/items/item_606615217,"https://www.instacart.com/image-server/1028x1028/filters:fill(FFF,true):format(jpg)/d2lnr5mha7bycj.cloudfront.net/product-image/file/large_19698300-7c08-4fc9-91f7-5a560585f8db.png",
"Barefoot Sauvignon Blanc White Wine",6.66,yes,8.20,,https://www.instacart.com/store/items/item_184463547,"https://www.instacart.com/image-server/1028x1028/filters:fill(FFF,true):format(jpg)/d2lnr5mha7bycj.cloudfront.net/product-image/file/large_ca292cda-7320-4af1-a0f6-d85e0c5ae5b8.png",
"Longevity Brand Cabernet Sauvignon, California",14.94,yes,18.39,,https://www.instacart.com/store/items/item_3230075383,"https://www.instacart.com/image-server/1028x1028/filters:fill(FFF,true):format(jpg)/d2lnr5mha7bycj.cloudfront.net/product-image/file/large_e15c11d9-66b9-4d31-813f-58e694f3624e.png",
"La Marca Collezione Prosecco",25.29,no,,,https://www.instacart.com/store/items/item_3662078034,"https://www.instacart.com/image-server/1028x1028/filters:fill(FFF,true):format(jpg)/d1s8987jlndkbs.cloudfront.net/assets/missing-item-4bbe82b8555e4d1c12626fd482cb2409713e8e30835645ff3650ef66a725d03c.png",running low
"Cupcake Rose",9.19,yes,13.79,,https://www.instacart.com/store/items/item_187212472,"https://www.instacart.com/image-server/1028x1028/filters:fill(FFF,true):format(jpg)/d2lnr5mha7bycj.cloudfront.net/product-image/file/large_d1eb4224-a635-452f-b7e4-df2a4db8fee1.jpg",
"Bogle Vineyards Essential Red, California, 2017",10.21,yes,14.36,,https://www.instacart.com/store/items/item_187295746,"https://www.instacart.com/image-server/1028x1028/filters:fill(FFF,true):format(jpg)/d2lnr5mha7bycj.cloudfront.net/product-image/file/large_b663cb23-4de1-4183-ada7-1b6d2ca9d7b3.png",
"Headsnapper Prosecco Rose",11.49,yes,14.36,,https://www.instacart.com/store/items/item_3034360456,"https://www.instacart.com/image-server/1028x1028/filters:fill(FFF,true):format(jpg)/d1s8987jlndkbs.cloudfront.net/assets/missing-item-4bbe82b8555e4d1c12626fd482cb2409713e8e30835645ff3650ef66a725d03c.png",
"Josh Cellars Chardonnay",13.79,yes,16.41,,https://www.instacart.com/store/items/item_187193560,"https://www.instacart.com/image-server/1028x1028/filters:fill(FFF,true):format(jpg)/d2lnr5mha7bycj.cloudfront.net/product-image/file/large_b1906736-9489-4f31-b093-547ff03e2a98.jpg",
"Stella Rosa Black Cherry",13.79,yes,17.24,,https://www.instacart.com/store/items/item_3127776438,"https://www.instacart.com/image-server/1028x1028/filters:fill(FFF,true):format(jpg)/d2lnr5mha7bycj.cloudfront.net/product-image/file/large_7c193df8-5d2e-49b8-82ed-7176c3993ca8.png",
"Duckhorn Vineyards Cabernet Sauvignon, Napa Valley",77.04,yes,126.49,,https://www.instacart.com/store/items/item_187136291,"https://www.instacart.com/image-server/1028x1028/filters:fill(FFF,true):format(jpg)/d2lnr5mha7bycj.cloudfront.net/product-image/file/large_4454f6c6-5b01-4325-a72e-6a63d50309f7.png",
"AIX 2016 Provence Rose Wine",19.54,yes,24.14,,https://www.instacart.com/store/items/item_3027913496,"https://www.instacart.com/image-server/1028x1028/filters:fill(FFF,true):format(jpg)/d2lnr5mha7bycj.cloudfront.net/product-image/file/large_4c320486-14f7-420f-b5a2-b215e0654257.jpg",
"Sutter Home Moscato White Wine",10.21,yes,11.49,,https://www.instacart.com/store/items/item_187261390,"https://www.instacart.com/image-server/1028x1028/filters:fill(FFF,true):format(jpg)/d2lnr5mha7bycj.cloudfront.net/product-image/file/large_d8a66f0b-e34c-4d40-b054-c25188c9edf3.jpg",
"Campo Viejo Tempranillo",9.19,yes,14.94,,https://www.instacart.com/store/items/item_250816214,"https://www.instacart.com/image-server/1028x1028/filters:fill(FFF,true):format(jpg)/d2lnr5mha7bycj.cloudfront.net/product-image/file/large_89b49aaf-3f70-4b3e-9c30-a46f451b11d7.jpg",
"Beringer Main & Vine White Zinfandel Pink Wine",4.01,yes,6.56,,https://www.instacart.com/store/items/item_187204946,"https://www.instacart.com/image-server/1028x1028/filters:fill(FFF,true):format(jpg)/d2lnr5mha7bycj.cloudfront.net/product-image/file/large_190bfc28-eb20-4668-a18a-9023ec01d583.png",
"Barefoot Pinot Grigio White Wine",6.66,yes,8.20,,https://www.instacart.com/store/items/item_187266718,"https://www.instacart.com/image-server/1028x1028/filters:fill(FFF,true):format(jpg)/d2lnr5mha7bycj.cloudfront.net/product-image/file/large_af13f79b-bc43-4dde-93f5-56054a9640dc.png",
"Barefoot Moscato White Wine",10.21,yes,13.79,,https://www.instacart.com/store/items/item_187313461,"https://www.instacart.com/image-server/1028x1028/filters:fill(FFF,true):format(jpg)/d2lnr5mha7bycj.cloudfront.net/product-image/file/large_bf868def-ec35-4c59-92b2-8285b8a946f2.png",
"MacRostie Winery Sonoma Coast Pinot Noir",33.34,yes,43.69,,https://www.instacart.com/store/items/item_187065798,"https://www.instacart.com/image-server/1028x1028/filters:fill(FFF,true):format(jpg)/d2lnr5mha7bycj.cloudfront.net/product-image/file/large_3f123e58-305a-4d1f-b175-56db40d03ddc.png",
"Jadot Beaujolais",13.79,yes,17.24,,https://www.instacart.com/store/items/item_187222940,"https://www.instacart.com/image-server/1028x1028/filters:fill(FFF,true):format(jpg)/d2lnr5mha7bycj.cloudfront.net/product-image/file/large_293d152f-1273-4e94-ad1b-a421e20e5dea.png",
"Beringer Main & Vine White Zinfandel Pink Wine",8.04,yes,13.12,,https://www.instacart.com/store/items/item_273911235,"https://www.instacart.com/image-server/1028x1028/filters:fill(FFF,true):format(jpg)/d2lnr5mha7bycj.cloudfront.net/product-image/file/large_397f0fd1-5548-452a-8325-ccd6590176d7.png",
"Meiomi Pinot Noir Red Wine Half Bottle",14.94,yes,18.39,,https://www.instacart.com/store/items/item_610377924,"https://www.instacart.com/image-server/1028x1028/filters:fill(FFF,true):format(jpg)/d2lnr5mha7bycj.cloudfront.net/product-image/file/large_bbb97a3c-96e0-4e81-95ec-d5715e04b4f9.jpg",
"House Wine Wine Cocktail, Paloma",5.74,yes,6.89,,https://www.instacart.com/store/items/item_2059320355,"https://www.instacart.com/image-server/1028x1028/filters:fill(FFF,true):format(jpg)/d2lnr5mha7bycj.cloudfront.net/product-image/file/large_62dd8aac-5bc7-4a7c-b262-85dbd4bbb8ad.png",
"Brick & Mortar Rose Bubbles, California",6.89,yes,8.04,,https://www.instacart.com/store/items/item_1593687522,"https://www.instacart.com/image-server/1028x1028/filters:fill(FFF,true):format(jpg)/d2lnr5mha7bycj.cloudfront.net/product-image/file/large_5d576de7-f9da-4acd-aa38-3f31410d2b07.png",running low
"Menage a Trois Dolce Sweet Red Wine",11.49,yes,14.94,,https://www.instacart.com/store/items/item_2934360874,"https://www.instacart.com/image-server/1028x1028/filters:fill(FFF,true):format(jpg)/d2lnr5mha7bycj.cloudfront.net/product-image/file/large_b245b7c4-ef73-461c-ae3a-36ab2fc92e55.jpg",
"Yes Way Rose Bubbles",5.74,yes,6.89,,https://www.instacart.com/store/items/item_1998633484,"https://www.instacart.com/image-server/1028x1028/filters:fill(FFF,true):format(jpg)/d1s8987jlndkbs.cloudfront.net/assets/missing-item-4bbe82b8555e4d1c12626fd482cb2409713e8e30835645ff3650ef66a725d03c.png",
"Bota Box Dry Rose, California",21.84,yes,29.89,,https://www.instacart.com/store/items/item_3387179062,"https://www.instacart.com/image-server/1028x1028/filters:fill(FFF,true):format(jpg)/d2lnr5mha7bycj.cloudfront.net/product-image/file/large_96cf5d0e-1c1f-415f-8b19-7f892efccb56.png",
"Duck Hunter Sauvignon Blanc",20.69,yes,25.29,,https://www.instacart.com/store/items/item_2076358672,"https://www.instacart.com/image-server/1028x1028/filters:fill(FFF,true):format(jpg)/d2lnr5mha7bycj.cloudfront.net/product-image/file/large_e0743686-036b-41b5-a045-ec40a362e133.jpg",
"Alamos Malbec",10.34,yes,14.77,,https://www.instacart.com/store/items/item_187206644,"https://www.instacart.com/image-server/1028x1028/filters:fill(FFF,true):format(jpg)/d2lnr5mha7bycj.cloudfront.net/product-image/file/large_9da2449c-91f0-4c0e-9917-7ef24ec10664.png",
"Napa Cellars Sauvignon Blanc, Napa County",14.94,yes,19.70,,https://www.instacart.com/store/items/item_187232812,"https://www.instacart.com/image-server/1028x1028/filters:fill(FFF,true):format(jpg)/d2lnr5mha7bycj.cloudfront.net/product-image/file/large_cdc0c2ee-c13a-4823-a8f0-303344bf2a76.jpg",
"Menage a Trois Cabernet Sauvignon Red Wine",11.49,yes,14.94,,https://www.instacart.com/store/items/item_187332523,"https://www.instacart.com/image-server/1028x1028/filters:fill(FFF,true):format(jpg)/d2lnr5mha7bycj.cloudfront.net/product-image/file/large_a26fa8da-20c1-4969-9e8b-89d7ba4ed29c.jpg",
"O Olive Oil & Vinegar O Champagne Vinegar",9.19,no,,,https://www.instacart.com/store/items/item_455851122,"https://www.instacart.com/image-server/1028x1028/filters:fill(FFF,true):format(jpg)/d2lnr5mha7bycj.cloudfront.net/product-image/file/large_81db9ec7-19b6-4329-a6e6-abb513bf3047.jpg",
"Kendall-Jackson Merlot Vintner's Reserve Red Wine",20.69,yes,27.59,,https://www.instacart.com/store/items/item_312299415,"https://www.instacart.com/image-server/1028x1028/filters:fill(FFF,true):format(jpg)/d2lnr5mha7bycj.cloudfront.net/product-image/file/large_8dd96ec1-8672-4707-9066-b78c6f7bdc22.png",
"Frank Family Vineyards Chardonnay, Napa Valley, 2007",40.24,yes,54.74,,https://www.instacart.com/store/items/item_271526935,"https://www.instacart.com/image-server/1028x1028/filters:fill(FFF,true):format(jpg)/d2lnr5mha7bycj.cloudfront.net/product-image/file/large_a39d73db-e383-4c84-aa8f-38f37e133da6.jpg",
"Catena Malbec Classic Malbec",21.84,yes,31.04,,https://www.instacart.com/store/items/item_187317184,"https://www.instacart.com/image-server/1028x1028/filters:fill(FFF,true):format(jpg)/d2lnr5mha7bycj.cloudfront.net/product-image/file/large_ce1563eb-e024-422e-910f-1c83c96c46ba.jpg",
"Cambria Julia's Vineyard Pinot Noir Red Wine",22.99,yes,27.91,,https://www.instacart.com/store/items/item_460603880,"https://www.instacart.com/image-server/1028x1028/filters:fill(FFF,true):format(jpg)/d2lnr5mha7bycj.cloudfront.net/product-image/file/large_ecf98f6e-d893-4fc0-8a21-15e3a8367104.png",
"The Federalist Zinfandel Lodi",17.24,yes,22.99,,https://www.instacart.com/store/items/item_267840030,"https://www.instacart.com/image-server/1028x1028/filters:fill(FFF,true):format(jpg)/d2lnr5mha7bycj.cloudfront.net/product-image/file/large_405c83f0-ff54-4a22-b27f-c9d5424ae710.jpg",
"Banshee Brut, California",25.29,yes,34.49,,https://www.instacart.com/store/items/item_48089448099,"https://www.instacart.com/image-server/1028x1028/filters:fill(FFF,true):format(jpg)/d2lnr5mha7bycj.cloudfront.net/product-image/file/large_fd0cb264-804b-49fe-a39d-b65f63864e33.png",
"7 Deadly® Zins Zinfandel Red Wine",14.94,yes,20.69,,https://www.instacart.com/store/items/item_187097744,"https://www.instacart.com/image-server/1028x1028/filters:fill(FFF,true):format(jpg)/d2lnr5mha7bycj.cloudfront.net/product-image/file/large_d37d46f7-a8ca-4167-adc5-d245e1eac731.png",
"Substance Cabernet Sauvignon, Columbia Valley",18.39,yes,26.44,,https://www.instacart.com/store/items/item_748543111,"https://www.instacart.com/image-server/1028x1028/filters:fill(FFF,true):format(jpg)/d2lnr5mha7bycj.cloudfront.net/product-image/file/large_05cb6952-6aa7-476f-8ded-0a678d1120d5.png",
"Noble Vines Cabernet Sauvignon, 337, California, 2018",10.34,yes,18.06,,https://www.instacart.com/store/items/item_187214124,"https://www.instacart.com/image-server/1028x1028/filters:fill(FFF,true):format(jpg)/d2lnr5mha7bycj.cloudfront.net/product-image/file/large_dbb33c67-d656-45ea-9878-a26cab695c35.png",running low
"Diamond Collection Merlot California",16.09,yes,22.99,,https://www.instacart.com/store/items/item_187064777,"https://www.instacart.com/image-server/1028x1028/filters:fill(FFF,true):format(jpg)/d2lnr5mha7bycj.cloudfront.net/product-image/file/large_01ebecca-fdd7-4edf-9fee-6bc6eeb022fd.png",
"Ferrari-Carano Sauvignon Blanc, Sonoma County, 2020",14.94,yes,21.34,,https://www.instacart.com/store/items/item_192265488,"https://www.instacart.com/image-server/1028x1028/filters:fill(FFF,true):format(jpg)/d2lnr5mha7bycj.cloudfront.net/product-image/file/large_f335fc87-0e1a-483d-9788-d451b6486832.png",
"St. Francis Sonoma County Old Vines Zinfandel",18.39,yes,25.14,,https://www.instacart.com/store/items/item_187280974,"https://www.instacart.com/image-server/1028x1028/filters:fill(FFF,true):format(jpg)/d2lnr5mha7bycj.cloudfront.net/product-image/file/large_ba329bb2-dba7-4f01-b987-5f13a80d036a.png",
"Barefoot Merlot, California",6.66,yes,8.20,,https://www.instacart.com/store/items/item_184461952,"https://www.instacart.com/image-server/1028x1028/filters:fill(FFF,true):format(jpg)/d2lnr5mha7bycj.cloudfront.net/product-image/file/large_357f7e42-94e6-4088-9cd2-a366a108597a.png",
"Whispering Angel Vin De Provence Rose",18.39,yes,21.84,,https://www.instacart.com/store/items/item_3180997997,"https://www.instacart.com/image-server/1028x1028/filters:fill(FFF,true):format(jpg)/d2lnr5mha7bycj.cloudfront.net/product-image/file/large_ac4a1753-d6e4-455f-828a-76e9af0ea8e9.png",
"Josh Cellars Merlot",17.24,yes,19.54,,https://www.instacart.com/store/items/item_187193623,"https://www.instacart.com/image-server/1028x1028/filters:fill(FFF,true):format(jpg)/d2lnr5mha7bycj.cloudfront.net/product-image/file/large_813f85f3-66e8-48b7-abbe-35fee7f9be47.jpg",
"Nutrisse Permanent Haircolor, Champagne Fizz 82",9.79,yes,11.49,,https://www.instacart.com/store/items/item_238376377,"https://www.instacart.com/image-server/1028x1028/filters:fill(FFF,true):format(jpg)/d2lnr5mha7bycj.cloudfront.net/product-image/file/large_d90c30db-de6e-4d18-b630-7e7ab2cd1903.png",
"Bogle Vineyards Merlot",10.21,yes,12.93,,https://www.instacart.com/store/items/item_187285163,"https://www.instacart.com/image-server/1028x1028/filters:fill(FFF,true):format(jpg)/d2lnr5mha7bycj.cloudfront.net/product-image/file/large_4983be84-e369-45ea-beb9-32b417d8d5c9.png",
"Jadot Pinot Noir, Bourgogne, Beaune France, 2017",24.14,yes,29.56,,https://www.instacart.com/store/items/item_187206199,"https://www.instacart.com/image-server/1028x1028/filters:fill(FFF,true):format(jpg)/d2lnr5mha7bycj.cloudfront.net/product-image/file/large_c5e69a90-37e3-4398-91f2-88130a929050.png",
"Joseph Phelps Cabernet Sauvignon",91.99,yes,113.16,,https://www.instacart.com/store/items/item_251043961,"https://www.instacart.com/image-server/1028x1028/filters:fill(FFF,true):format(jpg)/d2lnr5mha7bycj.cloudfront.net/product-image/file/large_e8494e05-eea5-41f4-b23d-dab7aa130c88.jpg",
"Rodney Strong Chardonnay, California",11.49,yes,18.06,,https://www.instacart.com/store/items/item_187233764,"https://www.instacart.com/image-server/1028x1028/filters:fill(FFF,true):format(jpg)/d2lnr5mha7bycj.cloudfront.net/product-image/file/large_07f8135a-94b0-4385-878e-58a8a2d26605.png",
"Gekkeikan Sake",6.89,yes,9.19,,https://www.instacart.com/store/items/item_187124654,"https://www.instacart.com/image-server/1028x1028/filters:fill(FFF,true):format(jpg)/d2lnr5mha7bycj.cloudfront.net/product-image/file/large_82f67c32-4353-4ddf-a17f-582201d26a2e.png",
"Josh Cellars Legacy Red Blend",17.24,yes,19.54,,https://www.instacart.com/store/items/item_184578765,"https://www.instacart.com/image-server/1028x1028/filters:fill(FFF,true):format(jpg)/d2lnr5mha7bycj.cloudfront.net/product-image/file/large_4e54dd73-c743-4ef4-8efe-de45966ebe3a.jpg",
"DAOU Cabernet Sauvignon",31.04,yes,41.39,,https://www.instacart.com/store/items/item_187319670,"https://www.instacart.com/image-server/1028x1028/filters:fill(FFF,true):format(jpg)/d2lnr5mha7bycj.cloudfront.net/product-image/file/large_7ef3e6ed-006c-43f5-b723-25a3348368a3.png",
"Fre Red Wine Blend, Alcohol-Removed",10.39,yes,13.79,,https://www.instacart.com/store/items/item_606948258,"https://www.instacart.com/image-server/1028x1028/filters:fill(FFF,true):format(jpg)/d2lnr5mha7bycj.cloudfront.net/product-image/file/large_9ac87323-38b1-4f69-86d5-afc729ea83e0.jpg",
"Toasted Head Chardonnay White Wine",10.91,yes,14.94,,https://www.instacart.com/store/items/item_187234610,"https://www.instacart.com/image-server/1028x1028/filters:fill(FFF,true):format(jpg)/d2lnr5mha7bycj.cloudfront.net/product-image/file/large_530ad2c7-21a5-4155-8dab-a61f5f495217.png",
"19 Crimes Snoop Dogg Cali Red",13.79,yes,17.24,,https://www.instacart.com/store/items/item_44151372861,"https://www.instacart.com/image-server/1028x1028/filters:fill(FFF,true):format(jpg)/d2lnr5mha7bycj.cloudfront.net/product-image/file/large_dc971fd8-0dd3-4716-9efa-b371634dd756.jpg",
"Menage a Trois Midnight Dark Red Wine Blend",9.19,yes,13.12,,https://www.instacart.com/store/items/item_187169470,"https://www.instacart.com/image-server/1028x1028/filters:fill(FFF,true):format(jpg)/d2lnr5mha7bycj.cloudfront.net/product-image/file/large_d859d78c-f9f0-4326-be42-7238b3467e6d.jpg",
"Barefoot Sauvignon Blanc White Wine",10.21,yes,13.79,,https://www.instacart.com/store/items/item_12408826386,"https://www.instacart.com/image-server/1028x1028/filters:fill(FFF,true):format(jpg)/d2lnr5mha7bycj.cloudfront.net/product-image/file/large_9d825705-351f-4041-b57b-ddc7675e212b.png",
"Quail Oak Quail Oak Cabernet Sauvignon Red Wine",3.82,yes,4.91,,https://www.instacart.com/store/items/item_187260785,"https://www.instacart.com/image-server/1028x1028/filters:fill(FFF,true):format(jpg)/d2lnr5mha7bycj.cloudfront.net/product-image/file/large_7062ee57-49a6-4dbf-857e-726ddd6bcd0f.png",
"Josh Cellars Cabernet Sauvignon",17.24,yes,19.54,,https://www.instacart.com/store/items/item_187227115,"https://www.instacart.com/image-server/1028x1028/filters:fill(FFF,true):format(jpg)/d2lnr5mha7bycj.cloudfront.net/product-image/file/large_5f285c80-52c6-4fea-877f-5f7fa191d49e.jpg",
"Beringer Knights Valley Cabernet Sauvignon",32.19,yes,41.06,,https://www.instacart.com/store/items/item_187306251,"https://www.instacart.com/image-server/1028x1028/filters:fill(FFF,true):format(jpg)/d2lnr5mha7bycj.cloudfront.net/product-image/file/large_0eef8c41-e922-4ec2-aca7-b0c70a8a46b2.jpg",
"Columbia Crest Grand Estates Chardonnay White Wine",8.04,yes,11.49,,https://www.instacart.com/store/items/item_2061087231,"https://www.instacart.com/image-server/1028x1028/filters:fill(FFF,true):format(jpg)/d2lnr5mha7bycj.cloudfront.net/product-image/file/large_e20236c3-feb9-485d-b212-2ddcc04f56a6.jpg",
"Bare Foot Spritzer, Crisp White",8.04,yes,9.19,,https://www.instacart.com/store/items/item_187235368,"https://www.instacart.com/image-server/1028x1028/filters:fill(FFF,true):format(jpg)/d2lnr5mha7bycj.cloudfront.net/product-image/file/large_e2f8c879-14c8-42a1-ab88-476e2cb9406f.png",
"Oyster Bay Sauvignon Blanc",13.79,yes,19.70,,https://www.instacart.com/store/items/item_187319208,"https://www.instacart.com/image-server/1028x1028/filters:fill(FFF,true):format(jpg)/d2lnr5mha7bycj.cloudfront.net/product-image/file/large_67c1105b-57e8-4adb-b92c-8a114d07e2ea.png",
"Decoy Cabernet Sauvignon, Sonoma County, 2010",20.69,yes,32.84,,https://www.instacart.com/store/items/item_187166022,"https://www.instacart.com/image-server/1028x1028/filters:fill(FFF,true):format(jpg)/d2lnr5mha7bycj.cloudfront.net/product-image/file/large_da9348bc-3562-4ca1-929c-682a99557d78.png",
"Menage a Trois Ménage à Trois Bourbon Barrel",11.49,yes,14.94,,https://www.instacart.com/store/items/item_635506688,"https://www.instacart.com/image-server/1028x1028/filters:fill(FFF,true):format(jpg)/d2lnr5mha7bycj.cloudfront.net/product-image/file/large_20b47466-adc0-4476-b2b7-50bb09144a65.jpg",
"Rodney Strong Merlot Sauvignon Sonoma County 2012",16.09,yes,21.34,,https://www.instacart.com/store/items/item_187269644,"https://www.instacart.com/image-server/1028x1028/filters:fill(FFF,true):format(jpg)/d2lnr5mha7bycj.cloudfront.net/product-image/file/large_5f8ce35f-dd9b-4a06-85e4-8f965cee9a44.png",
"Petite Petit Petite Sirah",17.24,yes,23.71,,https://www.instacart.com/store/items/item_187079838,"https://www.instacart.com/image-server/1028x1028/filters:fill(FFF,true):format(jpg)/d2lnr5mha7bycj.cloudfront.net/product-image/file/large_58810e07-7497-4a8d-85d5-aca74a973c4a.png",
"Dr. Loosen Riesling, Mosel",17.24,yes,18.24,,https://www.instacart.com/store/items/item_184370930,"https://www.instacart.com/image-server/1028x1028/filters:fill(FFF,true):format(jpg)/d2lnr5mha7bycj.cloudfront.net/product-image/file/large_44c3a969-5843-4317-8c4c-470d94e3d393.png",
"Bogle Vineyards Pinot Noir",10.21,yes,14.36,,https://www.instacart.com/store/items/item_187322978,"https://www.instacart.com/image-server/1028x1028/filters:fill(FFF,true):format(jpg)/d2lnr5mha7bycj.cloudfront.net/product-image/file/large_7d385e19-e68c-4ce8-aaac-914ffd0d2ee7.png",
"Menage a Trois Silk",9.19,yes,13.12,,https://www.instacart.com/store/items/item_187202233,"https://www.instacart.com/image-server/1028x1028/filters:fill(FFF,true):format(jpg)/d2lnr5mha7bycj.cloudfront.net/product-image/file/large_bef97719-020d-41bb-88e4-064c42dacdee.jpg",
"Joel Gott Wines California Sauvignon Blanc",12.77,yes,18.06,,https://www.instacart.com/store/items/item_184302447,"https://www.instacart.com/image-server/1028x1028/filters:fill(FFF,true):format(jpg)/d2lnr5mha7bycj.cloudfront.net/product-image/file/large_b75ea348-582a-4762-83cb-09f6ec6e5aff.jpg",
"Michael David Winery Freakshow Cabernet Sauvignon",20.69,yes,27.91,,https://www.instacart.com/store/items/item_187108745,"https://www.instacart.com/image-server/1028x1028/filters:fill(FFF,true):format(jpg)/d2lnr5mha7bycj.cloudfront.net/product-image/file/large_6788a4b1-18dd-44c6-9444-b29df81cf79f.png",
"Menage a Trois Limelight Pinot Grigio White Wine",9.19,yes,13.12,,https://www.instacart.com/store/items/item_1468473382,"https://www.instacart.com/image-server/1028x1028/filters:fill(FFF,true):format(jpg)/d2lnr5mha7bycj.cloudfront.net/product-image/file/large_37ffb878-a106-4d30-b50a-62ee85e41816.jpg",
"Fetzer Gewurztraminer, California",8.04,yes,10.93,,https://www.instacart.com/store/items/item_187318608,"https://www.instacart.com/image-server/1028x1028/filters:fill(FFF,true):format(jpg)/d2lnr5mha7bycj.cloudfront.net/product-image/file/large_2b7938bb-f7d8-49fe-998d-f39f9870b67f.png",
"Acacia Pinot Noir Wine",21.84,yes,28.74,,https://www.instacart.com/store/items/item_184343386,"https://www.instacart.com/image-server/1028x1028/filters:fill(FFF,true):format(jpg)/d2lnr5mha7bycj.cloudfront.net/product-image/file/large_1a230207-a80f-4a7c-92d4-0493b5a5f836.jpeg",
"Quail Oak Quail Oak Rosé Rose Wine",3.82,yes,4.91,,https://www.instacart.com/store/items/item_457754684,"https://www.instacart.com/image-server/1028x1028/filters:fill(FFF,true):format(jpg)/d2lnr5mha7bycj.cloudfront.net/product-image/file/large_25cf1f17-0e09-4c7b-94ad-466d46604870.png",
"Smirnoff No. 21 80 Proof Vodka",12.64,yes,17.24,,https://www.instacart.com/store/items/item_466009493,"https://www.instacart.com/image-server/1028x1028/filters:fill(FFF,true):format(jpg)/d2lnr5mha7bycj.cloudfront.net/product-image/file/large_21720886-3a3e-4b19-a3b9-b1e76f53c68d.jpg",
"Barefoot Pinot Noir, California",6.66,yes,8.20,,https://www.instacart.com/store/items/item_187290763,"https://www.instacart.com/image-server/1028x1028/filters:fill(FFF,true):format(jpg)/d2lnr5mha7bycj.cloudfront.net/product-image/file/large_48c18a65-f484-4c5c-a028-c9a442ba027d.png",
"Chateau Ste. Michelle Columbia Valley Riesling, White Wine",9.19,yes,13.79,,https://www.instacart.com/store/items/item_187231145,"https://www.instacart.com/image-server/1028x1028/filters:fill(FFF,true):format(jpg)/d2lnr5mha7bycj.cloudfront.net/product-image/file/large_adb57d9c-fbf6-4ca0-b101-79041aabfbcc.jpg",
"Franzia® Chardonnay White Wine",17.24,yes,21.34,,https://www.instacart.com/store/items/item_187340453,"https://www.instacart.com/image-server/1028x1028/filters:fill(FFF,true):format(jpg)/d2lnr5mha7bycj.cloudfront.net/product-image/file/large_6865586c-26a3-4a1d-bc30-5089163bd4f5.jpg",
"Sonoma-Cutrer Chardonnay, Sonoma Coast",28.74,yes,37.94,,https://www.instacart.com/store/items/item_187217429,"https://www.instacart.com/image-server/1028x1028/filters:fill(FFF,true):format(jpg)/d2lnr5mha7bycj.cloudfront.net/product-image/file/large_282ae81d-3f57-426c-a9a4-0d94e06b2827.jpg",
"Justin's Sauvignon Blanc White Wine",18.39,yes,22.99,,https://www.instacart.com/store/items/item_187116772,"https://www.instacart.com/image-server/1028x1028/filters:fill(FFF,true):format(jpg)/d2lnr5mha7bycj.cloudfront.net/product-image/file/large_b73da338-2018-496b-b02c-e7a6bad7a0cd.png",
"DAOU Sauvignon Blanc, Paso Robles, 2019",19.54,yes,25.29,,https://www.instacart.com/store/items/item_762461137,"https://www.instacart.com/image-server/1028x1028/filters:fill(FFF,true):format(jpg)/d2lnr5mha7bycj.cloudfront.net/product-image/file/large_773e867d-1606-4afb-ac93-f8e18e53c580.png",
"JaM Cellars Butter Chardonnay",18.39,yes,22.99,,https://www.instacart.com/store/items/item_187223054,"https://www.instacart.com/image-server/1028x1028/filters:fill(FFF,true):format(jpg)/d2lnr5mha7bycj.cloudfront.net/product-image/file/large_79ab37ec-e682-4f3b-a3f8-880af42d9652.png",
"Sho Chiku Bai Sake, Junmai, Classic",5.16,yes,5.45,,https://www.instacart.com/store/items/item_187325262,"https://www.instacart.com/image-server/1028x1028/filters:fill(FFF,true):format(jpg)/d2lnr5mha7bycj.cloudfront.net/product-image/file/large_84d84aea-07a9-4c94-aa8b-d4046946c2f0.png",
"Chateau Ste. Michelle Indian Wells Chardonnay",17.24,yes,22.99,,https://www.instacart.com/store/items/item_187265828,"https://www.instacart.com/image-server/1028x1028/filters:fill(FFF,true):format(jpg)/d2lnr5mha7bycj.cloudfront.net/product-image/file/large_65527fdd-177e-4528-ab95-65824c13e541.jpg",
"Menage a Trois California Red Blend Red Wine",9.19,yes,13.12,,https://www.instacart.com/store/items/item_187318274,"https://www.instacart.com/image-server/1028x1028/filters:fill(FFF,true):format(jpg)/d2lnr5mha7bycj.cloudfront.net/product-image/file/large_ef42f717-ca31-42c1-a289-5fd1b478585c.jpg",
"J. Lohr Estates Riverstone Chardonnay",14.94,yes,22.99,,https://www.instacart.com/store/items/item_187325257,"https://www.instacart.com/image-server/1028x1028/filters:fill(FFF,true):format(jpg)/d2lnr5mha7bycj.cloudfront.net/product-image/file/large_ad4f0066-1466-417d-a221-310a7315f98c.jpg",
"Menage a Trois Gold Chardonnay White Wine",9.19,yes,13.12,,https://www.instacart.com/store/items/item_187266838,"https://www.instacart.com/image-server/1028x1028/filters:fill(FFF,true):format(jpg)/d2lnr5mha7bycj.cloudfront.net/product-image/file/large_f759ca6a-c6d2-42cc-90aa-cbd3b1eaa24a.jpg",
"Ruffino Lumina DOC Pinot Grigio Italian White Wine",11.49,yes,14.36,,https://www.instacart.com/store/items/item_187300000,"https://www.instacart.com/image-server/1028x1028/filters:fill(FFF,true):format(jpg)/d2lnr5mha7bycj.cloudfront.net/product-image/file/large_6ab9bb04-71b3-4930-9c2c-171a7850c75a.jpg",
"Meiomi Pinot Noir Red Wine",20.44,yes,31.04,,https://www.instacart.com/store/items/item_187311117,"https://www.instacart.com/image-server/1028x1028/filters:fill(FFF,true):format(jpg)/d2lnr5mha7bycj.cloudfront.net/product-image/file/large_62ed6702-3abd-4ef7-ad0c-8e19efe1204f.jpg",
"Nobilo Marlborough Sauvignon Blanc White Wine",12.64,yes,16.41,,https://www.instacart.com/store/items/item_421767031,"https://www.instacart.com/image-server/1028x1028/filters:fill(FFF,true):format(jpg)/d2lnr5mha7bycj.cloudfront.net/product-image/file/large_f1f202c8-294f-4e3b-9bad-f2fe7530b503.png",
"J Vineyards Pinot Gris White Wine",18.39,yes,25.29,,https://www.instacart.com/store/items/item_187190158,"https://www.instacart.com/image-server/1028x1028/filters:fill(FFF,true):format(jpg)/d2lnr5mha7bycj.cloudfront.net/product-image/file/large_fc43b5f9-fd01-4d44-993a-1142156500ae.png",
"Barefoot Pinot Grigio White Wine",10.21,yes,13.79,,https://www.instacart.com/store/items/item_187310423,"https://www.instacart.com/image-server/1028x1028/filters:fill(FFF,true):format(jpg)/d2lnr5mha7bycj.cloudfront.net/product-image/file/large_3700e693-61fa-4fc0-a1b9-1bd9dddf179b.png",
"Kendall-Jackson Chardonnay Vintner's Reserve White Wine",14.94,yes,19.54,,https://www.instacart.com/store/items/item_187297205,"https://www.instacart.com/image-server/1028x1028/filters:fill(FFF,true):format(jpg)/d2lnr5mha7bycj.cloudfront.net/product-image/file/large_4e201cd8-d066-49fd-94d9-200cc8e76ceb.png",
"Chateau Souverain Cabernet Sauvignon Red Wine",10.21,yes,13.79,,https://www.instacart.com/store/items/item_187228221,"https://www.instacart.com/image-server/1028x1028/filters:fill(FFF,true):format(jpg)/d2lnr5mha7bycj.cloudfront.net/product-image/file/large_7d62a563-3018-48e5-bff5-67ecea979486.png",
"Austin Cabernet Sauvignon",65.54,yes,82.12,,https://www.instacart.com/store/items/item_694577248,"https://www.instacart.com/image-server/1028x1028/filters:fill(FFF,true):format(jpg)/d2lnr5mha7bycj.cloudfront.net/product-image/file/large_440f6baf-2f02-43bc-be2a-b5b890d9fbe7.png",
"Artesa Estate Reserve Napa Valley Chardonnay",19.54,yes,27.36,,https://www.instacart.com/store/items/item_187200699,"https://www.instacart.com/image-server/1028x1028/filters:fill(FFF,true):format(jpg)/d2lnr5mha7bycj.cloudfront.net/product-image/file/large_699a927a-ff70-42ac-93d5-bc237133e5a5.png",
"Kim Crawford Sauvignon Blanc White Wine",18.39,yes,22.99,,https://www.instacart.com/store/items/item_187212837,"https://www.instacart.com/image-server/1028x1028/filters:fill(FFF,true):format(jpg)/d2lnr5mha7bycj.cloudfront.net/product-image/file/large_6f1c6081-3bd7-48be-9b14-06f4dffca6a9.jpg",
"Norton Malbec, Reserva, 2005",14.94,yes,21.88,,https://www.instacart.com/store/items/item_187225385,"https://www.instacart.com/image-server/1028x1028/filters:fill(FFF,true):format(jpg)/d2lnr5mha7bycj.cloudfront.net/product-image/file/large_e0e34b8c-851d-41c7-afff-22932d9c70d4.jpeg",
"Bogle Vineyards Chardonnay",10.21,yes,12.93,,https://www.instacart.com/store/items/item_187340242,"https://www.instacart.com/image-server/1028x1028/filters:fill(FFF,true):format(jpg)/d2lnr5mha7bycj.cloudfront.net/product-image/file/large_a469891e-266c-4d05-97df-a6ba1cda6bfc.png",
"Black Box Wines Merlot Red Wine",21.84,yes,28.74,,https://www.instacart.com/store/items/item_187199741,"https://www.instacart.com/image-server/1028x1028/filters:fill(FFF,true):format(jpg)/d2lnr5mha7bycj.cloudfront.net/product-image/file/large_3e99ed5b-6b3f-464f-b59e-30d602d27fe1.png",
"Oberon Cabernet Sauvignon, Napa Valley",22.99,yes,32.84,,https://www.instacart.com/store/items/item_187308004,"https://www.instacart.com/image-server/1028x1028/filters:fill(FFF,true):format(jpg)/d2lnr5mha7bycj.cloudfront.net/product-image/file/large_2234e647-9b13-495f-9e56-8e71c5625ccc.png",
"Barefoot Chardonnay White Wine",10.21,yes,13.79,,https://www.instacart.com/store/items/item_184498845,"https://www.instacart.com/image-server/1028x1028/filters:fill(FFF,true):format(jpg)/d2lnr5mha7bycj.cloudfront.net/product-image/file/large_43156b08-2a55-4831-b4c8-a00b75029211.png",
"Robert Mondavi Buttery Chardonnay White Wine",10.34,yes,14.94,,https://www.instacart.com/store/items/item_1490497808,"https://www.instacart.com/image-server/1028x1028/filters:fill(FFF,true):format(jpg)/d2lnr5mha7bycj.cloudfront.net/product-image/file/large_b815289a-d38e-4993-aed7-903d95fae723.jpg",
"Kendall-Jackson Sauvignon Blanc Vintner's Reserve White Wine",12.64,yes,14.77,,https://www.instacart.com/store/items/item_187308020,"https://www.instacart.com/image-server/1028x1028/filters:fill(FFF,true):format(jpg)/d2lnr5mha7bycj.cloudfront.net/product-image/file/large_cfb1e55f-9fd4-4265-b02f-f58b69c585d2.png",
"Matua Sauvignon Blanc",11.49,yes,17.24,,https://www.instacart.com/store/items/item_187307935,"https://www.instacart.com/image-server/1028x1028/filters:fill(FFF,true):format(jpg)/d2lnr5mha7bycj.cloudfront.net/product-image/file/large_4432f7d3-1a13-4dc9-8fc1-dcc136cc292f.jpg",
"Cook's California Champagne Smoked Ham with Add Steak",5.19 / lb,no,,,https://www.instacart.com/store/items/item_192081684,"https://www.instacart.com/image-server/1028x1028/filters:fill(FFF,true):format(jpg)/d1s8987jlndkbs.cloudfront.net/assets/missing-item-4bbe82b8555e4d1c12626fd482cb2409713e8e30835645ff3650ef66a725d03c.png",running low
"Meiomi Chardonnay White Wine",19.54,yes,22.99,,https://www.instacart.com/store/items/item_187333543,"https://www.instacart.com/image-server/1028x1028/filters:fill(FFF,true):format(jpg)/d2lnr5mha7bycj.cloudfront.net/product-image/file/large_0f553e32-18f4-4f07-ad46-3600a2e4a720.jpg",
"Cantina Zaccagnini Montepulciano D'Abruzzo Riserva",18.39,yes,24.14,,https://www.instacart.com/store/items/item_187269163,"https://www.instacart.com/image-server/1028x1028/filters:fill(FFF,true):format(jpg)/d2lnr5mha7bycj.cloudfront.net/product-image/file/large_6ccabc9a-944d-46c4-aa4e-61d88d8907f1.jpg",
"Apothic Red Blend Red Wine 750ml",10.21,yes,16.09,,https://www.instacart.com/store/items/item_187215702,"https://www.instacart.com/image-server/1028x1028/filters:fill(FFF,true):format(jpg)/d2lnr5mha7bycj.cloudfront.net/product-image/file/large_637cbf46-6d50-4735-aba1-48c5bf45d018.png",
"Apothic Crush Red Blend",10.21,yes,16.09,,https://www.instacart.com/store/items/item_187227487,"https://www.instacart.com/image-server/1028x1028/filters:fill(FFF,true):format(jpg)/d2lnr5mha7bycj.cloudfront.net/product-image/file/large_1c9147d1-bac4-4d47-b9d6-dc7e50cdc387.png",
"SIMI Sonoma County Cabernet Sauvignon Red Wine",22.99,yes,29.56,,https://www.instacart.com/store/items/item_187217831,"https://www.instacart.com/image-server/1028x1028/filters:fill(FFF,true):format(jpg)/d2lnr5mha7bycj.cloudfront.net/product-image/file/large_2be5eb5b-bed8-456b-b2b4-652c00d78f62.jpg",running low
"Kendall-Jackson Grand Reserve Chardonnay",18.39,yes,25.29,,https://www.instacart.com/store/items/item_187352904,"https://www.instacart.com/image-server/1028x1028/filters:fill(FFF,true):format(jpg)/d2lnr5mha7bycj.cloudfront.net/product-image/file/large_19673b91-235b-4142-859e-180dabd47a6f.png",
"Groth Cabernet Sauvignon, Oakville Napa Valley, 2013",66.69,yes,90.34,,https://www.instacart.com/store/items/item_187240741,"https://www.instacart.com/image-server/1028x1028/filters:fill(FFF,true):format(jpg)/d2lnr5mha7bycj.cloudfront.net/product-image/file/large_c3318a50-dba9-4b37-9cb0-5d497faac74f.png",
"Bread & Butter Cabernet Sauvignon, California",14.94,yes,20.69,,https://www.instacart.com/store/items/item_602038678,"https://www.instacart.com/image-server/1028x1028/filters:fill(FFF,true):format(jpg)/d2lnr5mha7bycj.cloudfront.net/product-image/file/large_384e2b48-f597-45f4-a851-9874eb00ead0.png",
"Vietti Moscato D'Asti, 2018",18.39,yes,25.29,,https://www.instacart.com/store/items/item_59983966059,"https://www.instacart.com/image-server/1028x1028/filters:fill(FFF,true):format(jpg)/d2lnr5mha7bycj.cloudfront.net/product-image/file/large_74df6fdc-b646-4849-ab2f-1ab8dd81e840.png",
"Barefoot Pink Moscato Wine",10.21,yes,13.79,,https://www.instacart.com/store/items/item_187232326,"https://www.instacart.com/image-server/1028x1028/filters:fill(FFF,true):format(jpg)/d2lnr5mha7bycj.cloudfront.net/product-image/file/large_cac10cdc-82da-4999-bd70-29dca61d16a9.png",
"Joel Gott Wines 815 Cabernet Sauvignon Red Wine",16.09,yes,25.14,,https://www.instacart.com/store/items/item_184463595,"https://www.instacart.com/image-server/1028x1028/filters:fill(FFF,true):format(jpg)/d2lnr5mha7bycj.cloudfront.net/product-image/file/large_84cc7f21-3ffb-46be-bc50-2e841e505a6d.jpg",
"Phantom Phantom Red Wine",18.39,yes,27.91,,https://www.instacart.com/store/items/item_187201401,"https://www.instacart.com/image-server/1028x1028/filters:fill(FFF,true):format(jpg)/d2lnr5mha7bycj.cloudfront.net/product-image/file/large_32abd0c6-744b-46db-a3ba-1f3954dffe51.png",
"Le Grand Noir Wine, Rose, France, 2014",11.49,yes,14.94,,https://www.instacart.com/store/items/item_2013674409,"https://www.instacart.com/image-server/1028x1028/filters:fill(FFF,true):format(jpg)/d2lnr5mha7bycj.cloudfront.net/product-image/file/large_4cc21525-b56e-4dd0-8efa-dd2c35b2bc57.png",
"Black Box Wines Chardonnay White Wine",21.84,yes,28.74,,https://www.instacart.com/store/items/item_187345508,"https://www.instacart.com/image-server/1028x1028/filters:fill(FFF,true):format(jpg)/d2lnr5mha7bycj.cloudfront.net/product-image/file/large_44d19341-8fdd-4e4b-a5d2-2acceac4b92a.png",
"Box Wize Cellars Rose Wine, California",20.69,yes,28.74,,https://www.instacart.com/store/items/item_752638963,"https://www.instacart.com/image-server/1028x1028/filters:fill(FFF,true):format(jpg)/d2lnr5mha7bycj.cloudfront.net/product-image/file/large_04bea1e4-1670-416e-9370-9cbfd289b5a6.png",
